gene symbol,endometriosis_1,endometriosis_2,endometriosis_3,endometriosis_4,endometriosis_5,endometriosis_6,endometriosis_7,endometriosis_8,endometriosis_9,atypical endometriosis_1,atypical endometriosis_2,atypical endometriosis_3,atypical endometriosis_4,atypical endometriosis_5,atypical endometriosis_6,atypical endometriosis_7,atypical endometriosis_8,atypical endometriosis_9,atypical endometriosis_10,atypical endometriosis_11,atypical endometriosis_12,atypical endometriosis_13,atypical endometriosis_14,atypical endometriosis_15,atypical endometriosis_16,atypical endometriosis_17,atypical endometriosis_18,adjacent endometriosis to clear cell ovarian carcinoma_1,adjacent endometriosis to clear cell ovarian carcinoma_2,adjacent endometriosis to clear cell ovarian carcinoma_3,adjacent endometriosis to clear cell ovarian carcinoma_4,adjacent endometriosis to clear cell ovarian carcinoma_5,adjacent endometriosis to clear cell ovarian carcinoma_6,adjacent endometriosis to clear cell ovarian carcinoma_7,adjacent endometriosis to endometrioid ovarian carcinoma_1,adjacent endometriosis to endometrioid ovarian carcinoma_2,adjacent endometriosis to endometrioid ovarian carcinoma_3,clear cell ovarian carcinoma_1,clear cell ovarian carcinoma_2,endometrioid ovarian carcinoma_1,clear cell ovarian carcinoma_3,endometrioid ovarian carcinoma_2,clear cell ovarian carcinoma_4,clear cell ovarian carcinoma_5,endometrioid ovarian carcinoma_3,clear cell ovarian carcinoma_6,endometrioid ovarian carcinoma_4,endometrioid ovarian carcinoma_5,clear cell ovarian carcinoma_7,endometrioid ovarian carcinoma_6,clear cell ovarian carcinoma_8,clear cell ovarian carcinoma_9,clear cell ovarian carcinoma_10,endometrioid ovarian carcinoma_7,clear cell ovarian carcinoma_11,endometrioid ovarian carcinoma_8,endometrioid ovarian carcinoma_9,endometrioid ovarian carcinoma_10,clear cell ovarian carcinoma_12,clear cell ovarian carcinoma_13,clear cell ovarian carcinoma_14,endometrioid ovarian carcinoma_11,endometrioid ovarian carcinoma_12,clear cell ovarian carcinoma_15,clear cell ovarian carcinoma_16,clear cell ovarian carcinoma_17
GOSR2,7.099935027,6.836492353,7.217998151,6.717441508,6.824719436,6.230769501,6.336605714,6.835461997,6.61472883,5.725892942,5.91404728,5.87469485,6.589725837,6.192709737,6.25424064,6.213988048,6.158033584,5.92227681,6.043094926,6.309948793,6.203267191,6.575563154,6.542062821,6.537990742,6.321066634,6.342659092,6.494284428,7.07941964,6.18180917,6.997703945,6.776688943,6.480436546,6.343020029,6.289267438,6.141654058,6.276958005,5.906659858,7.878103202,6.800044839,6.672891808,6.689183084,5.828831101,6.965358887,6.484489149,6.446455996,7.191288261,6.551183583,5.956326043,7.467257831,5.639033128,7.109190094,7.156030917,6.402723524,6.512709756,6.719560619,6.335354416,6.232499704,6.375964433,6.418071084,6.895671289,6.965635806,6.616102051,6.597271924,6.664985735,6.47545596,6.965241255
FUS,10.18381886,10.18059914,9.586845773,9.612325223,10.07758245,9.810865057,9.836074071,9.702440772,9.466924292,9.853255022,9.756425789,9.924617338,9.996367139,9.80945234,9.956741352,10.23002801,10.09920028,10.36868893,10.52790095,10.18846355,9.024135997,10.24027896,9.729660269,10.01089489,10.27136453,10.05732821,9.964236079,9.740534285,9.579482091,9.564694234,9.604971027,9.834390815,9.803814591,9.178870165,9.878201985,9.821479202,10.03838116,10.05426701,9.818905519,10.10682439,10.07471266,9.890148757,9.581072793,9.441643196,10.0948255,10.01828029,10.43689984,10.28917889,9.931940148,10.14047,9.765070728,10.1334653,9.884668149,10.15874596,9.735858923,10.29690448,9.114317099,9.690369705,10.35566721,9.514058499,10.17853471,9.918902902,10.91672262,10.7957529,9.91544778,9.610075467
EXOSC5,6.700186008,7.297467529,7.543510112,6.885835723,6.620933771,7.349760218,6.732885696,7.296171086,6.847715964,7.699478653,7.150366987,7.202941503,6.837878764,7.252680137,6.93816853,7.197295564,7.102315343,6.8546757,6.893655327,6.858744416,7.422816317,7.425753714,7.734849528,7.403012787,7.487439456,7.103745104,7.375260053,6.969594885,7.114618453,6.198880905,6.885614843,7.52262668,7.147006517,7.312431624,6.632446311,7.369651254,6.754435293,8.550695333,7.196169779,7.701385012,7.48337211,7.301359578,6.921216389,7.381994398,8.249353221,8.462428066,7.758819659,7.519840739,7.314553776,8.084029282,7.50111706,7.628615396,6.88069051,7.056608995,7.689176563,7.26647626,7.324275406,8.02562589,7.55760231,7.688143786,8.008014897,8.093079654,7.213313395,9.455871068,7.740189274,8.123708358
KDELR3,6.384981443,6.302966871,7.448924268,7.368724768,6.304693839,8.24286152,8.274263517,7.488289388,6.656301249,6.155956838,6.749332983,7.183012835,7.35302249,7.622639094,6.912475234,5.831035393,6.640466724,6.797231174,6.872508288,6.731001314,7.952873383,6.795615119,6.617646615,6.950136557,6.596565342,6.433314824,6.302252204,7.276644241,7.148457638,7.425824375,7.610746786,7.627612772,6.872508424,8.778039428,6.594219078,7.188919697,7.580021333,5.143200087,7.152245789,7.674432036,7.887273774,7.765851378,7.12945747,9.048342252,7.277486273,8.359507613,6.610637324,8.614982687,8.786422369,6.522430421,7.559562569,8.738105281,5.138116759,6.624121309,7.616396486,5.863325295,8.653144413,7.685637494,6.444654093,8.730524311,8.43614908,6.653073956,5.798069823,6.589954246,9.402118478,8.380838912
BANF1,6.970505139,5.78707154,6.568710519,6.703626187,6.272111008,5.918522135,6.843758446,6.659647545,6.571905503,6.388910106,6.593850386,6.82805005,7.027229091,6.808152599,6.971723704,6.450769074,6.949744457,6.797231174,7.06180074,6.743098489,6.807595416,6.263719404,5.497202817,6.639216037,6.672747012,6.729495403,6.884533323,6.705683365,6.006399298,6.590817741,6.824392145,6.676871531,6.35980619,6.408857965,6.34035156,6.800898901,6.585227877,7.309828864,7.011767681,7.136200692,6.958737022,6.108550587,6.659549659,7.570005457,7.992141127,7.340930567,7.379835504,7.502909811,7.623113712,7.221669546,7.360214707,7.228108397,5.765178442,6.545442327,6.681843369,6.463087041,7.0180442,6.834819797,6.533958166,7.915689306,7.949307279,7.116471597,6.837463792,7.239046502,6.956901562,7.025626568
TATDN2,9.363826013,8.508183223,8.340732062,8.326393428,8.248343572,7.559639481,8.423858461,7.809280857,7.858958938,8.647505794,8.725339276,8.880777954,8.801799516,9.104944943,9.08365134,8.685865605,9.083125044,9.220379407,8.830104734,9.57740931,8.765766494,8.809691592,8.461434896,9.154033242,8.900445777,8.899307582,8.51190723,8.46044572,9.024665192,8.656878622,9.014359142,8.627874608,8.703012344,7.870646752,8.102490603,9.017002025,9.205026252,9.566985156,8.370712031,7.405995988,8.047342022,8.278105063,8.617576495,8.338156019,8.35559767,7.577478476,7.438156789,8.229450276,8.159406399,8.968656323,8.800307246,7.977734762,7.691088374,8.419545675,8.67931278,9.011156345,7.943612704,8.210699257,9.047436456,9.15404413,7.787402079,8.854488402,9.20329565,8.421535782,9.707433313,8.365398286
CNOT4,9.179802658,9.75329524,8.566083285,9.571315837,9.457978549,10.5238178,9.28660691,9.202840674,9.529387934,10.44274036,10.73510684,10.35506988,9.483603247,10.49472362,9.882919621,10.88454554,10.08268037,10.33322187,10.11247251,9.690436657,9.776275079,9.745796892,9.857067879,9.788233919,9.798947989,9.830299392,10.02054941,9.016785537,9.262738447,9.154351458,9.010944364,9.450297068,9.603768221,9.685186081,10.56702675,10.09675735,10.06032166,7.634005841,8.880631632,9.559500989,9.887871054,10.04517221,8.898365368,8.601879109,8.99841141,9.279227717,9.618030235,8.866959021,8.459607348,10.07606408,8.414117253,8.706099325,9.708406046,9.47912403,8.986686895,8.448139381,8.966221899,9.459108778,9.295645761,8.391122712,9.281200305,9.148375988,9.254541268,9.181137792,9.510075096,9.17671418
CHAC1,4.350517864,4.266139569,5.8841744,5.138092504,4.14479479,3.759165685,5.467098523,5.47385573,4.190310732,3.705065687,4.378612931,4.399473594,4.219116315,4.208069352,4.931511846,3.82305081,4.119288414,5.254758224,4.374309527,5.299216918,5.801544156,4.729969682,4.048906875,5.370868925,4.336665559,4.268221659,5.915849935,4.368661196,4.643692374,5.653430409,4.438423816,4.344386344,3.852751321,5.819437897,5.179198542,3.857603242,4.129130286,6.521644865,4.169187734,7.422300126,4.992967442,5.071493192,4.817178482,5.800559097,5.755054208,4.7764218,5.392246572,5.405012274,5.030012215,5.238183735,4.626809359,5.649884281,4.461505792,5.340283004,5.195807964,7.120058105,5.646169483,3.9534851,5.311403216,4.495489312,5.579155927,5.069615317,4.771104429,6.910571466,4.580108349,5.074711259
HSPA5,8.045867461,9.341350482,9.497473207,9.400915879,8.852441632,10.31752793,8.915669223,10.3894358,9.171723101,9.325557829,8.82304962,9.528984978,9.777498873,9.708859063,9.805115191,9.570910774,9.335468881,9.685103312,9.355195724,9.865707416,9.388052459,8.812643495,9.263191304,9.498299694,9.409742593,8.869450003,9.967677589,9.058957694,9.099871223,10.53839826,9.671358466,9.463571941,9.470437395,9.928561402,9.432816165,9.930215742,9.908173382,9.887052371,9.24618916,11.64257303,11.74850978,10.87332614,10.65417167,11.29140265,11.04579613,11.61679428,11.68217724,9.858855571,11.70566039,9.684139973,10.87314347,11.57431741,9.410172424,9.851306424,10.16153091,9.13355781,11.01312179,10.68468127,9.541319477,10.92876205,11.37757322,10.35762763,8.506625656,10.29429852,10.26889469,11.58217059
ERN1,7.366131587,5.950459136,6.430667476,6.190971354,5.917875949,4.99150082,6.175355779,6.605157208,6.435102449,6.751447474,6.279926993,6.878578306,7.154426708,6.274099761,7.150747192,7.222914263,7.450983908,6.8546757,7.080344291,7.748447817,6.771104809,6.532937083,6.599123826,7.489488087,7.230613626,6.44424957,7.756315682,6.47425423,7.54099448,7.060676821,8.030931617,6.524874497,7.575684691,5.887558474,7.760277491,6.522868014,6.237998728,7.103773363,7.20694371,5.062251683,6.143832876,5.664540105,7.350537797,6.325335135,5.502226525,6.605536449,5.757454881,6.897534678,5.987773173,5.948509892,7.069453105,6.952101353,5.808183861,6.373663758,6.710224449,7.720198264,5.646169483,6.788820859,7.335722473,6.603096515,6.150559674,6.640856345,7.875111284,6.08649887,5.413912906,6.782747846
RRP9,6.758499211,6.096689825,6.601223183,6.287256188,5.980112089,5.094632984,5.602644444,5.534934339,5.524190684,5.615442249,5.109652154,5.733030439,6.131495613,5.210598934,5.896546818,5.248218636,6.392893778,5.739721692,5.964424516,6.225785262,5.873180401,6.097273165,6.228384659,5.806011808,5.903764527,5.875019118,5.773352875,6.509712461,6.148436703,6.383812117,5.883223455,5.958530327,5.978960612,6.497754566,6.087266312,5.868423678,5.842906333,9.293957722,7.461954697,6.435176896,6.865241152,5.940399372,7.142320226,8.115024492,6.870120719,7.299744005,6.247698039,6.291609704,7.686677763,4.948473406,8.902471332,6.480225907,6.534932418,6.156985276,7.565745775,7.120058105,6.255126737,5.968155225,8.096058357,6.83125501,6.884114941,6.341483119,6.800136542,6.712897166,7.332236307,6.813558965
DCTN1,9.501764974,8.952310749,9.527183557,9.548445694,9.796552586,9.013760262,9.236944838,8.970947352,9.431677496,10.08181577,10.33769378,10.89598959,10.8330062,10.51555285,10.47726037,10.34353906,10.37834407,10.59518275,10.59288613,10.87870528,10.00318839,10.51033885,10.37645421,10.53611154,10.33097047,10.73939356,9.893623266,9.971738783,10.37251866,9.506728182,10.29957961,10.05713502,10.84865009,9.467835859,9.782246023,10.05785637,10.13404307,10.05426701,10.06163862,8.680293306,8.984870302,8.979722879,9.399403278,9.439718821,8.877212892,9.407253102,9.41979532,8.972023926,9.512057674,9.934105305,8.965869954,8.94421763,9.582221198,9.706209576,9.705816884,10.14001201,9.019475761,9.600497942,9.433608831,9.900515391,9.395462582,10.08379617,10.43145821,9.367501967,9.86483332,9.488308155
CALR,11.17050426,10.99714544,12.41491452,12.41350656,11.69909823,12.7699427,11.94153764,12.30975346,11.56386985,11.87108744,12.32464047,12.83697508,12.96814592,12.79354307,13.03927872,12.39473812,12.6445376,12.83680967,12.75621302,12.72813851,12.47010399,11.81977285,12.25970115,12.42032228,12.54210264,12.53718416,12.62690446,11.61553276,10.5952215,12.43566266,12.17034194,12.45709111,12.51257697,12.27682663,12.38147739,12.3797222,12.82082754,12.44377206,11.8028908,14.33899594,13.82714168,12.75965738,12.45450879,13.37217486,13.70782463,14.31850735,13.75916415,12.80556548,13.65365083,12.8731609,13.00565396,14.10856458,11.55750589,12.46144888,12.55599896,11.9365016,13.64496835,13.03401705,12.37417749,13.87354686,13.62332448,13.17194175,11.81194409,13.24983621,12.03383129,13.50580742
MTHFD2,7.018935082,7.617391037,7.592593545,7.776155012,7.01284877,7.115469015,7.955799972,7.844800939,7.452377895,5.803277037,7.823333553,8.028131803,8.493387793,7.500679777,8.237531555,7.685588819,7.621081068,7.91817699,7.920732789,8.694879559,8.326953149,6.428200298,7.978765749,8.220789743,8.241385571,7.91520964,8.132855868,7.695444151,7.50231596,8.578628289,6.79276777,8.005356527,8.178256627,6.788947703,8.168633497,7.039800119,7.69685699,10.42135688,7.825293685,8.939678064,9.171452956,9.424746014,7.229266181,8.362750269,9.013238096,8.620997823,8.418087812,8.809691562,9.13978495,10.67347737,8.483591755,9.343722819,7.452813544,7.819263396,8.633384935,7.841789803,8.502278814,7.273249108,8.958782111,9.768071403,8.264918107,7.897575629,7.250605918,9.010593167,9.140639124,8.917465933
SRPRB,6.623770533,7.344470418,6.633009526,6.93389456,6.427999838,8.269029704,6.674041089,7.225959296,7.138493399,6.954015509,6.617128635,6.82805005,7.214028262,7.291948251,7.423158644,7.003868601,7.10887868,6.925293785,7.220639804,6.944960985,7.383190986,6.58949254,6.757748078,6.932565822,7.355584329,6.608638729,7.347284002,6.79440741,6.148436703,7.615698597,7.068218715,7.377586992,6.763723187,7.250194189,6.723752834,7.364647977,7.580021333,6.777722934,7.048199812,8.956535662,7.636358242,7.861811468,7.662857027,7.951638411,8.530732698,9.152249655,8.160859794,7.292346795,8.459607348,7.342176004,7.994826683,8.856227544,7.117494317,7.154938266,7.721919974,6.739705663,8.112544543,8.316697543,6.911856201,8.034457534,8.058262831,8.429542037,5.989489124,8.44641067,7.438299586,7.844303738
RPS14,4.515849636,4.571902688,5.332340396,4.735797456,5.441138045,5.190126371,4.583606076,5.033527622,4.190310732,4.699439938,4.242801319,4.802177658,4.850316647,4.811309106,4.386731946,5.021174896,4.948484815,5.121205467,4.831861103,4.809170881,4.791366363,4.673632963,4.541398259,5.068773543,5.263471252,4.919941795,5.614439522,4.871077094,5.571002164,4.80750963,5.020369241,4.9826841,4.691458626,4.499603762,5.066506381,4.904323161,4.953671927,4.991447434,4.927260624,6.402456588,6.356433588,5.940399372,5.124438379,6.220470361,7.042557378,6.795910996,6.923120145,5.327302669,5.391621185,5.518181723,5.121614719,5.261649931,4.867786858,5.131934022,5.27710066,4.772142548,4.801965634,5.345530533,5.08372828,7.073150485,5.648163834,6.000314881,5.112166135,5.610274268,5.740248152,6.295384619
ATF4,10.31396781,10.40867152,10.78789454,10.29151933,10.58537252,9.922170126,10.63495445,10.45211944,9.99947238,10.16182626,10.54326923,11.15589206,11.15444689,10.81881277,10.91906936,10.4874814,10.77264447,10.97980917,10.97997751,11.49976905,11.019218,10.8388929,10.51231374,10.67936147,10.20791792,11.09925556,10.58469102,10.90221665,10.92939026,10.6030499,11.33882605,10.47830734,11.39076437,10.34708383,10.82444384,10.81826973,10.74315809,10.75409283,10.810906,10.31283016,9.773576164,10.8571385,10.16463167,9.768862958,10.4929831,10.95125128,9.804976124,9.89168429,10.50179749,10.16675096,9.984559092,10.61721106,10.45898919,10.57134972,10.22970129,11.06966982,10.35783134,9.995835333,10.44321507,11.09497856,10.52380206,10.7419718,10.69271106,10.43137318,10.39440085,10.37853514
IFIT1,5.511426941,6.395800697,7.004513908,6.287256188,6.846887777,9.204727339,6.789398277,7.013012031,7.92810578,7.508961396,6.706613095,6.886828666,5.778062621,7.038382519,6.615783413,6.653609755,7.240191161,5.858639148,6.883120917,6.293512691,7.399172554,6.630480734,7.077708825,7.525012842,6.072277807,6.579229305,7.77216821,6.619197653,5.968518345,5.521983432,5.72198151,7.719132653,6.143863167,6.264085506,6.554936296,9.919193005,6.985428733,6.449711897,6.129106425,11.02485146,7.536197512,6.043693915,7.38878695,6.528949511,5.430932095,6.125315308,6.89953869,4.849422501,8.616041697,9.637918736,6.863994651,6.999995039,6.929376938,7.186270601,6.974543549,5.732575876,6.908938605,6.456931951,5.826620734,8.391122712,7.185569587,5.520621326,5.745781875,6.140449519,8.728658425,7.72021744
EIF4A2,12.14387453,12.79781727,12.05772492,12.44480185,12.43758959,12.7215266,12.27802079,12.19932069,12.29259083,13.11771801,12.81353405,13.03365434,12.58663645,13.16327004,12.61544963,12.88834046,12.78172401,12.99768637,12.84178711,12.55984613,13.15379396,12.71336205,12.50020574,12.29649506,12.37036201,12.99839642,11.98970057,12.25920785,12.62419505,12.47685575,12.57007543,12.39287923,12.70780043,12.71051816,12.2213813,12.91261655,12.60448196,12.1592008,12.41312203,11.94098873,11.85955861,11.33982355,11.94646676,11.58919339,11.85524501,11.69413267,11.76041905,11.89288876,11.80161833,12.09708709,11.59749133,10.90403504,12.6437245,12.18561754,12.09461231,11.82703373,12.2630551,12.02181879,11.24412767,11.17464983,11.65136785,12.2067257,11.57140265,12.22912316,12.58233006,12.07435847
DCP1A,9.060985081,9.082495756,8.976274822,8.844331925,8.913825305,8.567742369,8.653254984,8.720183602,8.298160875,9.42868768,9.311774736,8.976249164,8.772445956,9.139713849,9.044924517,9.201683327,9.223878286,8.874456324,8.777271978,9.17069427,9.024135997,8.406605658,8.947654089,8.822299326,8.795997562,8.676022952,8.804058308,8.848369785,9.429787884,9.364773962,9.196736508,9.076099157,8.920355355,8.846787218,9.224857255,9.222748754,9.099664124,8.507398178,9.074963115,7.740890534,8.327320459,8.484997167,8.40252534,8.97847394,8.254356335,8.092922252,8.29745532,8.144770834,8.900347891,7.915864244,8.578377202,8.03614927,8.990999357,9.0796317,8.90766615,8.422399885,8.312567443,8.521891101,8.814658758,8.812538626,8.296652054,8.478135948,8.574214286,8.603153828,9.632972932,8.567823057
HSPA9,9.77888524,10.4305654,10.09887106,10.00138961,9.734307442,9.64303269,9.852654501,9.95869808,9.667090499,9.939599446,9.878646932,9.721505531,9.793819079,9.926066293,9.534465525,9.602880598,9.655573706,10.40125118,9.568205199,9.563909324,10.2981956,9.467353403,9.643628218,9.882373042,10.22937835,9.706317979,9.70168317,9.763484017,10.51021998,9.877260437,11.12493516,9.8532441,10.34873841,9.758373525,10.42146848,9.928525409,9.772050201,11.3999304,10.14848299,10.84797643,10.69225673,10.41262785,10.6513716,10.79221713,10.59306995,11.24435334,10.3234907,10.65598535,11.36832762,9.945535194,11.26313333,10.27225759,10.06468183,10.20141322,10.23779861,10.7674949,10.1482225,10.06146334,10.44892117,10.47635159,10.5159648,10.07254246,9.308444022,10.11428808,10.12690518,11.13745931
NABP1,8.320789308,7.261176748,8.683854231,8.185184035,8.281135386,7.299771926,9.832734992,9.29977678,8.845472295,7.603846157,6.981853282,7.202941503,8.187117327,8.391023869,8.883092815,7.560724897,8.022430493,7.843419575,7.97116183,8.541415494,8.271692963,7.749520273,7.94635084,7.746772475,9.433869107,7.732479635,8.765022371,8.788750481,8.07647868,8.207731683,8.178335548,7.52262668,8.081279512,8.600286457,9.018087694,7.912294987,7.605419604,10.8533517,10.18900464,7.26843539,10.11715147,8.028192776,10.16305978,9.418379484,8.360245707,10.36217839,6.303015797,8.959689084,11.53237856,7.777583023,10.58182645,9.9976153,7.633654637,9.02019165,9.041384774,9.483816857,8.812517628,8.4840814,9.844426873,10.65365296,10.59035404,8.923776078,9.045591343,8.302012298,10.11327623,10.01305007
EDC4,7.356756294,7.223944144,6.518503586,6.445585383,6.932274295,6.393336364,6.732885696,6.632663042,6.335971821,6.603170885,7.181815637,6.318159471,6.759862383,6.718504894,6.470274857,6.727288522,6.803464585,6.055654033,6.57775801,6.858744416,6.84317663,6.518439485,6.5708795,6.860040676,6.395119828,6.29505593,6.640442735,6.787220854,6.970652091,6.880357971,6.760426903,6.179823063,6.995120562,6.621464313,6.594219078,6.692901807,6.082095199,7.019712825,7.383463273,6.645260977,6.120695689,6.229918108,6.604654423,7.048862476,6.843697415,6.714421023,6.653652271,6.4950408,6.930542781,6.975390777,6.014429053,6.851216148,7.335153851,6.156985276,6.613335785,6.883102495,6.743869895,6.495745644,6.902338614,6.80465257,7.055220718,6.735783958,6.98881613,7.093259419,5.63989707,6.843719282
PSAT1,5.675191984,4.812538187,5.291657654,5.180497869,5.760809271,6.82108598,5.993201221,4.845682045,4.190310732,5.777961107,5.795050426,5.420103337,5.66634713,6.87187728,6.29484161,4.819713027,7.501671537,5.609565021,5.6728274,4.758227625,6.22153132,5.766531965,5.225098822,5.474764477,5.954021816,4.432076404,6.824770871,6.994738857,7.213829996,5.475183643,5.820962017,5.556797494,3.852751321,6.044564792,6.906159996,8.89937145,8.228939052,10.2793532,8.377863421,8.07548762,11.66021729,9.197453098,7.740905879,11.51117522,10.96041358,11.66578283,9.06354428,8.847005685,11.45206124,4.570652035,12.38149799,11.11367535,6.667428462,6.796912264,7.963981609,8.695973003,8.742970859,8.435380217,10.43338036,9.399330079,11.29427882,8.379252205,5.068715889,8.718494831,12.31601009,11.69578081
SLC7A5,5.97878893,7.444917562,6.0360055,6.462132974,5.93893154,6.969443998,5.943701907,6.632663042,6.811432075,6.286144075,7.928842028,6.712022693,7.413550716,6.718504894,7.26328433,7.157988341,6.676364965,7.300327248,6.35101105,7.220056581,7.692821304,6.057446723,5.887381522,7.21267105,6.548818608,5.858590861,7.050153274,6.35248073,8.739359249,7.091154372,7.610746786,6.790198279,8.0302269,5.710525181,8.149107588,7.137006239,7.070131318,11.19766072,6.889870782,8.739938592,10.17509761,9.524770592,9.223536548,8.994295413,8.387823413,10.66145724,8.105459823,4.849422501,12.11956925,7.976609619,8.307455039,8.643633519,6.374735378,6.409724481,8.603605339,9.284011479,7.887377298,8.096277507,9.967658746,10.4637193,8.696134518,9.353863525,5.154204559,8.922182005,7.523366296,8.878124629
DDIT4,10.14631,9.430976875,9.755905623,9.768912762,9.731345906,8.921128271,9.658859672,11.24796277,8.446861738,9.279943295,9.456600479,9.129475718,10.04762404,7.875910624,8.631878372,8.708652998,8.625582704,9.958066463,8.537473809,9.381623347,11.74119046,8.990002283,8.202607193,10.36487469,10.09003869,8.042057757,7.449497285,8.515581984,11.62112737,11.67416512,10.9682872,9.887415724,10.45795386,9.318527743,9.258634901,9.179338975,8.23301445,10.27548868,9.454364469,10.28418815,9.563144707,8.028192776,11.73766801,10.27223747,10.23673699,8.766356124,10.8695699,9.01736202,10.47017582,8.253122506,9.199391963,9.934577311,10.72780092,8.672190401,9.001984369,11.00006794,9.508130699,8.676554954,10.44729316,11.43407008,10.65499058,9.865129736,8.427611618,9.138176228,8.184800492,8.458081935
EIF2AK3,3.011123091,4.737599445,4.261525691,5.543276171,5.636565935,5.945176287,6.131985422,6.225286353,6.229364674,6.116436669,6.125315925,6.077955473,6.231924987,6.351051851,7.052322916,6.634578942,6.145197543,6.265350548,6.319936064,6.577209301,6.326412476,5.461051407,6.01990786,5.617020175,6.222686074,5.585368712,7.050153274,5.852800271,6.504695287,5.376411179,6.530171661,6.179823063,6.35980619,5.550424404,6.758698547,6.467622841,6.237998728,6.07123977,5.704282264,6.299498308,6.558438638,5.137812602,6.292983209,6.067277967,5.783619273,6.963856867,6.266379188,5.513746598,6.779188179,5.518181723,6.742697143,6.927539523,5.82919547,6.091610333,6.47663154,6.09287479,5.870188972,6.333675916,6.185247252,6.603096515,7.017511527,6.457781363,5.068715889,6.589954246,6.806197959,6.951469081
DDX10,9.221629088,9.358585182,8.503381108,9.229385471,9.225167089,8.020583588,9.180265771,9.113536601,8.613458644,8.833446513,8.909882207,8.756289069,8.934342946,8.636031488,8.512031656,9.391055182,8.625582704,9.201617835,8.782925376,8.928816599,8.46598546,8.676678195,8.693846793,8.845863487,8.812824692,8.397818119,8.394019773,8.572851541,8.479237212,8.735913921,8.616224449,8.533886085,8.246931692,8.673091564,8.992765097,8.573420437,8.578707124,8.279280231,8.82592004,7.86525124,8.465197312,9.175236619,8.7428597,8.138958616,8.790356504,8.270109308,8.755539148,9.26299809,8.479300925,9.697722379,7.689530801,8.114142273,8.779860942,8.247493007,8.372965108,8.57504199,8.644693868,8.531190554,8.73146522,9.097917163,8.445614911,8.467860016,8.994434838,8.511840873,7.989580729,7.862760902
SHC1,12.40321685,11.28467222,11.74972199,11.7815358,11.76863167,10.97915227,11.87573717,11.53170909,11.16307038,10.82264493,11.42438169,11.5992191,11.7425439,11.39567712,11.50414473,11.05422027,11.38889489,11.74331299,11.23575075,11.8563615,12.04372776,11.37141394,11.42824306,11.34536486,11.6034355,11.48510259,11.00547246,11.69479178,11.81669591,11.83925295,11.66684725,11.87075631,11.57643652,11.50294435,11.35811914,11.155712,11.57610396,10.76147952,11.8169824,10.48533828,10.49995025,11.08073608,11.98010727,12.08827422,9.990817712,10.56361688,10.24182985,9.978290977,11.51579545,10.74280946,10.54169111,10.94268586,11.36832374,11.00196843,11.22043981,11.07463319,11.02048597,10.41276864,10.694447,11.69993129,10.56344888,11.00902106,11.32894074,10.73362663,10.79378687,10.73837917
YWHAZ,7.525195011,7.718888556,7.928205532,6.861186508,6.932274295,7.17217715,7.277549578,7.442615004,7.223632641,6.764192689,7.227731977,6.255437722,6.463834137,6.192709737,6.347222557,6.615290314,5.811901768,6.336584784,6.335558907,6.11766877,6.515387992,6.364683611,6.114944445,6.466266718,6.642761657,6.81595594,6.481397965,6.35248073,7.578659355,6.790219521,6.760426903,6.495404248,7.257895613,7.527016281,6.952115944,6.800898901,6.450722771,9.091947882,6.842205826,9.895843681,8.15248267,7.977698516,6.860156455,8.652618837,7.206826175,8.234192203,7.765337307,7.679010171,10.06816094,8.056158406,7.649742953,7.885413315,7.702304936,6.888819379,6.990028423,7.080991317,8.112544543,6.623805952,6.793234815,8.284957439,7.604940609,6.758560148,6.443945068,7.415310868,8.325493762,8.009112599
CKS1B,9.017121269,9.75329524,8.796217423,9.104278505,9.48636311,9.141009148,8.883750241,9.170579,9.615671834,8.784501056,9.648355349,8.970463873,7.573635305,8.430185816,7.40488751,9.07414335,7.962236525,8.077706405,7.728863546,7.193926466,8.159069357,8.245500549,8.947654089,8.080767584,7.906965585,7.797414629,7.893068193,8.430918958,8.485851586,8.851336326,8.030931617,7.846342662,8.135422994,8.705848565,9.077795249,8.165963089,8.647476476,7.032027812,8.232891219,10.16598745,9.140566129,9.693174105,8.472762117,9.991420012,9.824284314,9.424876362,10.79359619,9.201476174,9.046085621,9.635568333,8.868252981,9.248192024,9.239985041,8.708513453,7.920329622,7.345457989,8.860738205,7.813206493,8.308377809,9.356689562,9.473852271,8.24526734,7.635751621,10.00735539,9.499635875,8.243997254
NOP56,10.26605894,10.05232335,10.37808664,10.55032465,10.14922996,9.912248158,9.926561701,9.82000366,9.99142655,10.10815371,9.264964918,9.591874317,9.507549946,9.700150841,9.688115038,9.217655455,9.617086324,9.815234229,9.215885703,9.503314434,9.740735864,10.01284053,9.986569054,10.25654765,9.93424974,9.771255582,9.855739114,9.939857379,9.720707326,10.53010921,9.997142004,9.768686928,9.602022591,9.853302566,9.922930685,9.752454125,9.840382737,10.87989481,10.20583733,11.0861215,9.992199212,10.89953201,10.52061634,10.97271637,10.53775599,10.26680127,10.81571428,11.25172675,10.56149629,11.18505247,11.09212427,10.42530445,10.48029111,9.910175725,9.798514954,10.00785964,10.26443195,10.14102898,10.19809157,11.20279431,10.51708702,10.07367179,10.13225675,11.19779976,8.333357089,9.919283496
BAX,8.386644612,7.978986686,8.524586365,7.978117003,7.985247273,8.121715218,8.660809213,8.195915005,8.298160875,7.831969367,8.265440309,8.422259368,8.846304892,8.39462835,9.091273447,7.748586974,8.862782256,8.915334968,8.19131108,8.743605074,9.367935658,8.178401304,8.730241462,8.864441398,9.210849265,8.57849545,8.711273842,8.996778327,9.579482091,8.68702691,8.602674508,8.684055363,7.835777906,8.127246493,8.082040548,8.349071985,8.865214909,10.6663106,9.735111951,9.064147999,9.217922796,7.469357891,9.038720436,9.396719675,9.185443129,9.16374596,8.629158533,9.513469343,9.628295247,8.911509316,9.513481822,9.137907464,8.178356805,8.310311682,9.20564072,9.161823744,9.038949609,8.676554954,9.190564795,9.172277958,9.299579877,9.205136329,8.495046193,9.481874947,10.07862963,9.4498009
EXOSC1,9.414295669,9.120038768,9.554234286,9.037404574,9.750488083,9.728446362,9.495308428,9.26963438,9.281388223,9.442554869,9.602753237,9.542044154,9.006149299,9.636154224,9.405906055,9.333586902,9.713592727,9.617123748,9.06862444,9.654267163,9.897700996,9.402230538,9.826749644,9.437570645,9.240997748,9.650071824,9.852019547,9.217629411,8.992520632,9.696470579,9.582145057,9.351747362,9.566658858,10.17399808,10.05809692,9.559528667,9.253952714,9.792864437,9.319796207,9.510882085,9.043726276,9.711299273,9.445394777,9.623864342,9.134821567,9.687637972,10.04188925,9.403942047,9.254670519,9.76807783,9.59419351,9.84109587,9.34734411,9.611585283,9.432848213,9.014604824,9.630830608,9.639702012,9.654300414,9.644785199,9.803156605,9.327593924,9.181795137,9.050530552,8.577991265,8.878124629
SEC11A,6.492270525,8.344758934,7.584528474,8.262213671,8.371456029,9.291495528,7.931006818,8.17746868,8.217629234,8.694632274,9.031050036,8.42508297,8.046980323,8.678040635,8.730367524,9.031405763,8.469076445,8.850565978,8.945496542,8.152192451,8.276019813,8.366982444,8.353010539,8.024021858,8.553239592,8.727976287,8.79891418,7.454535169,8.004569868,7.726415868,7.574137677,8.555308447,8.40753385,8.459184832,8.31013887,8.815866863,8.600946195,6.539072859,7.68230834,9.510882085,8.428460888,8.733341281,7.161400487,8.004715671,8.989441666,9.044437934,9.323830897,9.204092675,7.836836862,8.802564963,7.176183834,8.765970503,8.414722157,8.118400192,7.963981609,7.78632302,8.698757158,9.004893594,8.234740447,7.946312468,9.18561566,8.141310334,7.526095786,8.652847741,9.344950497,8.913933478
BAG3,8.80305373,9.352863135,10.91773249,10.06588302,9.517641955,9.562850755,9.699757628,11.73681208,9.567773749,9.698415401,10.29173673,10.28534089,11.46939475,10.58892844,9.520420486,9.793949581,9.769368,10.62540692,9.506343658,10.95178375,10.46276338,10.40184623,9.965178388,9.961067448,10.20918918,10.14963449,9.746449541,9.646875939,10.22225356,10.81575694,10.86901158,9.844573193,12.4723007,10.05013151,11.15791563,10.40643588,10.22273018,10.15024524,9.66574921,10.26176223,9.677094069,10.38062782,9.672301985,10.36438103,9.488889765,10.63417334,9.394822636,9.766294463,10.6625239,9.999537797,10.04960788,9.030021021,10.45319991,10.41643232,9.748383043,10.60088634,10.24779537,9.773011148,9.483711804,10.57655129,9.027621599,10.18862922,8.737066364,9.744983178,10.0902712,9.706114307
NFYA,9.688572368,9.654425173,8.893950924,9.183114133,9.104452477,8.836199424,9.007393781,9.00271148,9.120991314,9.188852794,8.562132759,8.496619551,8.473254192,8.620726507,8.858735805,9.162612655,8.62329922,8.557764077,8.458413145,8.411718631,8.419812662,9.061226086,8.859564108,8.887332144,8.925416981,8.175005096,8.265621987,8.973342774,9.477013497,9.046104485,9.301069605,8.989590989,8.481586027,8.955846196,8.933158478,8.695763784,8.83872713,9.517667934,10.03852161,9.311310731,9.140566129,9.65355011,9.253392939,9.169415668,9.104681108,9.781406235,9.225751359,9.257970324,9.180442815,9.570614944,9.426025776,8.654855424,9.279785537,9.711587029,9.356065821,9.340056919,9.045382885,9.144709759,8.791741684,8.255925755,9.614715223,9.849390459,9.229146065,8.680065665,10.36019174,9.391311529
NOP14,9.488977984,9.068597732,9.200956785,9.534935371,9.357834181,9.497989001,9.007393781,9.437839225,9.220730709,9.114074856,9.353675511,9.456346442,9.886521917,9.548311886,9.643454777,9.374053849,9.633058633,10.21348619,9.678444185,10.20050885,9.517875094,9.714581431,9.648109831,10.07210128,9.516296256,9.684767816,9.416169447,9.384446584,10.33822203,9.745030629,9.572912556,9.782372019,9.51564616,9.426328992,9.524012334,9.334202822,9.427486718,9.864933209,9.769940316,9.786980109,9.698456708,10.07747102,9.795108461,9.925572366,10.0116374,9.706099659,10.30573914,10.41080342,9.670291585,9.080035955,9.244548852,9.42022764,9.720851125,9.791625557,9.626621795,9.9314858,9.751794188,10.11653637,10.06641454,10.06148069,10.42323484,9.932661259,10.06208673,9.680576641,10.13367167,9.374705878
CEBPB,9.150326738,9.123403796,8.331134424,8.028612186,9.199677598,7.829756398,8.150901972,9.198275815,8.602931661,7.217145477,8.174795338,7.049924679,7.625702677,6.051821936,6.946631401,8.070715685,6.58486305,7.898877332,7.728863546,7.556999048,8.347655218,7.418006602,7.117166392,7.700938356,9.275392463,7.284017576,8.177162864,6.79440741,8.750386872,8.34014631,7.458359504,7.084529965,8.69648144,7.406717936,9.413863986,6.068960691,6.946111832,9.838982375,7.300432082,8.515610423,9.094424917,8.62274503,7.546908988,8.338156019,6.946580472,8.505243178,6.735971566,6.948569405,9.202325495,7.876554058,7.873467452,8.480809368,8.712198583,8.415155809,5.5387865,8.320169064,7.191005951,6.950701329,8.023554103,8.159931124,7.196852124,6.846195435,6.567901512,7.295019511,7.251372659,6.880545736
ATF6,8.539209146,9.338457902,9.367419901,9.603106762,9.4069204,9.905595394,9.048280388,9.524261874,9.489952547,9.656536572,9.40439559,9.106801149,9.14240208,9.507300239,9.556656938,9.719633479,9.419440251,9.496607997,9.454161829,9.492666241,9.510553517,9.54748785,9.25880211,9.309552872,10.00914634,9.601262475,9.500958153,8.804773535,9.600958725,8.929067535,9.0580307,9.529977117,10.18582575,9.539664799,10.13449968,9.436469363,9.431036705,8.232174741,9.06613912,10.80053755,10.45159134,10.96357688,9.256344862,9.64739928,9.208815377,10.31913799,10.77194198,8.972023926,9.170385305,9.587737596,8.509730273,10.16910926,9.345559204,9.85617014,9.375281,9.821613917,9.828388772,10.17700538,9.774734612,9.361237868,9.974710094,9.368662655,9.545733909,9.936416099,10.03833044,9.495415198
DCP2,8.518378323,9.236490332,9.00672712,9.630587258,9.548256857,10.0270318,9.474032206,9.520610106,9.594579914,10.10691037,9.453392452,9.777789678,9.457204312,9.986997118,9.609359828,9.653072535,9.252226474,9.577655964,9.485696915,9.304572244,9.539619439,9.638451432,9.310610849,9.449922739,9.931171456,9.491874022,9.633983303,9.542471354,8.272886234,9.572788155,9.751287386,9.774785225,9.25406911,9.59565762,9.264692192,9.698923282,9.856311884,9.314193454,9.076428546,9.400242445,9.198969149,9.64279726,9.244500741,9.274643972,9.948254586,9.429645567,9.519430491,9.885178044,9.625353374,8.458651207,9.294789338,9.329790398,9.399889268,9.297940981,9.519099815,8.865983385,9.628690368,9.269385434,9.654300414,8.957778109,9.179957523,9.146230239,8.683667232,9.291120804,8.551274727,9.26531138
SLC1A4,7.826022039,9.099682019,8.481859196,8.699571043,8.240027655,8.388417385,7.257713508,8.500425384,8.258457674,9.081524495,8.720008507,9.392888403,9.033899666,9.163140305,9.033100717,8.695023832,8.293480193,8.842513745,8.496766216,8.743605074,9.074663038,8.55149717,8.654282731,8.341783129,7.726737146,9.114831719,8.741083189,8.455942331,7.697526727,8.651792033,8.153759788,8.555308447,8.866106733,9.33656566,8.286506439,8.064869292,8.479307806,7.080255222,7.968044743,8.437689598,8.483220228,8.891620947,7.631322834,8.24420554,9.051088833,8.523210184,8.781466642,9.494358338,7.634881757,7.033894637,7.552385538,9.339093617,8.834341758,7.934241475,8.098239965,7.26647626,8.5885237,8.187354233,8.319105853,7.839420996,9.046401501,7.493348169,7.656713766,8.432249066,7.378654428,7.449162411
SPCS3,7.474106006,7.910457297,8.789226561,8.580584124,7.955071654,9.735966177,8.423858461,8.681450313,8.570881421,8.413999368,8.725339276,8.886933722,9.236160298,9.251230634,9.727771458,9.17902093,8.893422789,9.251116292,9.403694309,9.451104006,8.693230409,8.236732511,8.518866888,8.781334614,8.826146408,8.335098711,9.961937169,7.851149608,7.603231957,8.84689256,8.328605866,9.041104358,8.605289746,8.715072604,9.501106957,8.859111428,9.106340882,8.161293298,7.627304115,9.950149706,9.334158024,9.634679688,8.462570207,9.160095192,9.488889765,9.256143488,9.787494758,9.229999861,8.957617171,8.490226843,8.369950621,10.51524373,7.948194979,8.638698254,8.739880435,8.257488858,9.850595906,9.654664834,8.914682283,9.983979495,10.25182196,8.753783728,8.352594295,8.374168554,8.387230679,8.638028991
EXOSC9,8.349382327,7.838501564,7.028544088,8.446765485,7.913827673,8.150156798,8.182746804,7.363107436,8.258457674,7.706072247,7.48869934,7.229089457,7.527454156,7.367401196,7.150747192,7.332853059,7.292984805,6.999873548,7.371169413,7.220056581,7.513681973,7.718343784,7.796784618,7.548217352,7.400894417,7.308016328,7.282270283,8.210684554,8.498989956,8.077167547,7.132683391,7.667550758,6.884099729,8.049124114,7.634768837,7.842121491,7.343827713,7.786823151,8.011625378,8.545636241,8.540285219,8.076976186,8.265596611,8.516786833,8.396899932,7.913733366,8.50236567,9.250395656,7.81114652,8.265343298,8.116503248,8.407502608,7.895441026,7.370239451,7.689176563,7.278028996,8.258194808,7.608573613,8.208051643,8.106715093,8.264918107,7.659274928,7.399102253,7.930940501,8.2360404,7.399409065
EIF2S1,6.89464029,7.736597109,7.457784939,7.509854341,6.857844264,7.944663252,6.896125648,7.517951804,6.774202093,6.954015509,6.927172399,6.810802157,6.799403425,7.136640823,6.776586631,7.248083396,6.631348978,6.737377887,6.510710951,6.681559403,7.542736991,7.067837755,7.023348841,7.297354522,7.014184039,6.921055876,7.347284002,7.2403601,8.218313658,7.573226161,7.041598012,7.30341196,7.589869345,7.516486878,7.64410616,7.21696849,7.175798831,7.237312213,7.163353589,8.94531919,8.077325963,7.493544716,7.612987865,8.020264662,8.30345452,8.398969149,8.514012915,7.971183566,8.313658792,8.14483402,7.808721735,8.389698187,7.517775085,7.154938266,6.997708479,6.598886345,7.828855128,7.599750339,7.728447188,8.377710674,8.136351651,7.201841257,6.427660714,7.826461006,7.864861846,6.999102669
HERPUD1,9.306676059,10.69646119,9.871261983,10.40407387,9.97490528,11.371338,10.08088989,10.49554818,10.70541141,10.24216857,10.49260416,10.52779836,10.50357092,10.73106177,11.35583892,10.96053287,10.11958764,10.45767759,10.37913065,10.80244513,11.00300642,10.06079117,9.846382587,10.02231222,11.22850907,10.11103857,11.91353419,9.038025777,9.651822431,10.78357577,10.33140683,10.92878472,10.05668998,10.91665134,10.9301533,10.76622653,10.42050001,9.053341668,9.402735018,12.87626834,10.86964169,10.60077088,9.402071245,10.17958069,10.28761727,11.06748624,11.15812888,10.10407981,9.766892381,10.60425437,9.219887714,12.2974396,10.96770879,10.19374882,9.859612196,9.498666796,11.18170901,11.25726306,11.11421686,10.14824752,11.68420813,9.866433623,9.01619602,11.14344996,9.510075096,9.248582989
PDIA3,7.720446365,9.543260372,10.51040168,10.06319657,9.419855386,10.8960139,9.385642597,10.166912,9.461109318,9.850285936,9.740722435,10.31607281,10.56285896,10.86369176,10.54611443,10.2780335,10.11065268,10.37637602,10.38471668,9.846322985,10.0904787,9.338130059,9.775441605,9.982481338,10.03231464,9.88801402,10.43775605,9.157903485,8.911335488,10.11011343,10.13525833,10.29952149,10.48092961,10.41938028,10.12620759,10.60890856,10.66693599,9.694025556,9.635253984,12.34035113,11.3598366,10.91748542,10.1895517,10.41520671,11.44612219,12.55299247,11.902269,10.64543728,11.57416564,11.66001903,11.82520546,12.2252817,9.525019616,10.39096418,10.75421391,9.960378437,11.57862781,11.72901534,10.10099549,10.99170911,11.32792006,10.77497668,8.801148649,10.91059983,11.21018862,11.30151819
EIF4EBP1,8.893176391,8.487434735,8.988533022,8.409159915,8.264832773,8.524959216,8.660809213,8.439819947,8.298160875,8.38144563,8.174795338,8.328852579,8.201878719,8.309354759,8.720570192,8.292144025,8.296350313,8.48461229,8.195557928,8.513585779,9.039480866,8.537289266,8.611308036,8.857502703,8.962081191,8.657504217,7.935909698,8.336076638,8.485851586,8.810840586,8.083930927,8.822993209,7.841714073,8.673091564,8.047298257,7.946139182,8.713113966,8.584420337,8.083396982,9.367007047,9.533193037,9.389801242,8.810707876,8.691962717,9.579332171,7.264495298,9.850072869,9.922194415,8.313658792,10.12881979,8.637144071,8.213656579,8.383735615,7.657563258,8.207903642,8.090978616,9.025996308,8.34334254,8.435415832,9.729895008,8.949956222,8.570668573,7.621605145,9.737807429,7.408786614,7.699824406
CNOT6,7.9116464,8.68714729,8.226299736,8.404920293,8.076833503,8.884374354,7.955799972,7.575500878,8.072517556,8.781386084,7.947221346,7.858772216,7.396515694,8.36185876,7.966075671,7.94577064,7.880404725,7.981925361,8.04834526,8.152192451,8.031777412,8.275775148,8.458885179,8.304839943,8.318847738,8.191195309,8.295159913,8.353131105,8.218313658,8.172634929,7.911381166,8.226304351,7.988040185,8.078024948,8.082040548,8.165963089,8.426913312,8.183476776,8.307199896,9.022061776,9.380555158,8.773337634,8.196541935,8.382929604,9.137530627,9.01300215,9.458471822,9.008407725,9.054859825,8.420916725,9.126478912,8.472376088,8.369747006,8.217549357,8.325097153,7.841789803,8.678202826,8.717859126,8.33328678,8.051457048,8.43614908,8.765016085,7.175025234,8.580862161,9.248489665,8.496386147
EEF2,14.7203986,14.51898858,14.50770964,14.64852212,14.50869083,13.68563068,14.79329051,14.39909725,14.1838321,15.10835742,15.30385004,15.20142136,14.85136159,15.21048114,14.9463109,15.10666124,15.30616274,15.4323392,15.1116898,15.19870049,15.30478883,14.93496618,15.00736811,15.04127746,14.79243354,15.51530399,14.40887039,14.92753536,14.63162114,14.75408239,15.06377213,14.59597833,14.92050355,14.52587014,14.37234707,14.47063154,15.05680574,13.786746,14.9568685,13.39794166,13.68772523,15.00598533,14.03208756,13.83945911,14.56005464,13.88563558,13.66929472,14.30536713,13.06049877,13.23786721,13.46598355,12.80149397,14.52288856,14.05736388,14.21917787,14.33228196,14.19642614,14.45329277,14.09875122,14.41445179,14.16745674,14.23770266,13.81758228,13.41480789,14.17887088,13.27761498
IL6,4.788180294,4.377986115,5.713691883,5.879864382,6.398165447,5.279120133,5.316397825,8.249877722,5.613261667,4.509561049,6.365164306,5.443365147,6.705376313,5.431405541,5.860643362,4.578295827,5.710000247,7.518577048,5.923362022,6.965726728,6.75873096,5.636064629,3.974760025,6.33802537,7.862363101,4.778419748,6.697173368,5.431156319,5.00587812,6.111541075,7.468372052,7.607219959,8.683330196,6.38573469,10.72472199,6.732417444,8.083033211,4.879178409,6.17416337,3.708949648,8.202308233,4.063677098,7.109944249,8.567032398,4.509556056,9.782649336,3.869344004,3.533489487,7.110259179,3.994188063,6.664638435,7.879042818,4.682062655,6.444890216,7.115296965,8.173555001,7.082239666,4.810595319,6.803504978,10.88363803,7.38609314,4.767016079,4.977130651,6.2749543,8.510247809,9.628509263
EIF4G1,12.0795912,11.99697348,11.8152608,12.25716582,11.50425462,10.36072714,11.9322079,11.57811809,11.20368027,11.34915868,11.09553579,11.28266383,11.11342738,11.40374401,11.04948258,10.94718553,11.16710359,11.71272689,11.30514224,11.40689822,11.97358166,11.36288319,11.35954367,11.71639636,11.5366533,11.69167719,11.14423358,11.50631269,12.45552536,11.67165535,11.89417717,11.41949611,11.77462109,11.59634434,11.32517417,10.85921462,11.57369743,12.89055885,11.97575403,11.49368713,11.4941522,11.90192866,11.37963405,11.82120316,11.92274749,12.80008886,11.4858064,12.17744441,12.2376779,12.78948689,11.80424883,11.9371655,11.32822107,11.42658223,11.51674398,11.93559254,11.87970943,11.54797441,11.5375163,12.57982669,11.56935997,12.5775305,11.53371766,12.65816972,12.23442796,11.50005531
CXXC1,5.97878893,5.854750744,5.249686463,5.664863882,5.980112089,4.936619759,5.052272557,5.593383452,6.114030345,5.90015439,5.795050426,5.90795948,5.977610903,5.341219989,5.896546818,6.078804132,5.618909765,5.399003384,5.647622564,6.136275245,4.621474264,5.608413588,6.04772522,5.228484197,5.589071302,5.682598378,5.514594062,5.67413021,5.716612176,5.324153498,6.081529702,5.721455675,5.888589371,5.319417554,5.910149832,5.527634722,5.705856093,5.918453588,5.932833866,5.374431271,4.757103031,4.469943088,5.30282167,5.589115926,5.275858906,5.214497613,5.320496799,5.156722912,5.30242819,5.639033128,4.94653699,5.416079718,5.720790233,6.529170296,5.378265726,6.421775879,5.499554132,5.585945673,5.581056424,4.984816372,4.710072803,5.520621326,5.872974452,5.416098309,5.215372267,5.047587636
ALDH18A1,8.422967597,8.568694589,8.932531391,8.685660675,8.423784459,8.026733225,8.414950247,8.241023141,7.97786989,8.301048886,7.823333553,8.387937423,8.691115996,8.354474306,8.405974996,7.619704353,8.324741378,8.439938024,8.374762309,8.452600754,8.860975458,8.55149717,8.256465155,8.869048713,8.270924081,8.497509124,8.48011617,8.599634775,8.612138224,8.93326548,9.051397485,8.537478663,8.081279512,8.448162075,7.945308649,8.092327544,8.581905218,11.6512315,9.427058926,9.606534358,10.76676755,8.671185938,9.552539604,9.538329624,9.317925279,9.050643684,10.01346315,9.314757707,11.82712507,8.500600175,10.56145237,8.947262952,7.865829856,8.631148685,9.805069474,8.427584694,9.443848511,9.569251709,8.293948352,9.526260524,9.251836387,9.093750502,8.100807198,8.302012298,8.933885569,9.225972284
KIF5B,10.36384247,9.878047589,11.36466654,10.74894125,10.33334287,10.37404113,10.75093381,10.28784065,10.32490652,10.46426094,10.48162439,10.9828269,10.93732002,11.35233808,10.91047979,10.49405267,10.32315849,11.14273364,10.94322531,10.80818136,11.05928104,10.79554938,10.36629081,10.65955779,10.84762688,11.23848632,10.78588533,10.29395424,10.66096017,10.61354899,10.61727159,10.68184518,11.32509576,11.02720178,10.95938607,10.57473609,10.99832686,10.4785023,10.72383612,11.42066664,10.88412018,11.40490319,9.925993088,10.46051164,10.86965803,11.07967305,11.51554954,11.36008436,11.28223707,10.82761246,10.42199901,10.93427108,10.17331021,10.45327598,10.56509179,10.93696529,11.13949535,11.14368241,10.63776342,10.69477111,10.99170956,10.57975338,9.926479373,10.59596755,11.02729126,10.38683894
PREB,8.535066997,7.718888556,8.301951866,8.280844313,7.975258842,7.149762394,8.965313945,8.954798982,7.690043219,7.776674548,8.55616163,9.136381385,9.036645555,8.354474306,8.960046593,8.571173056,8.963686165,9.200043297,8.891573441,9.76754325,8.532584212,8.613754568,8.471588896,8.731601618,8.664969399,8.994590729,8.082913906,8.210684554,8.234117901,8.529554359,8.393006222,8.831796487,8.969931862,8.019631348,7.455412556,8.486446193,8.008897439,9.365999638,8.431542607,8.25890543,7.587149986,7.469357891,8.452305708,8.266102247,7.521472342,8.219570824,7.629019333,7.693999389,8.230870204,8.164544907,8.602866159,8.01306706,7.432738172,7.896926744,8.083925754,8.665581466,8.218874918,8.430418344,7.885959241,8.095831801,8.353075586,8.447085697,8.652737537,7.73127015,8.649006614,8.323395619
SSR1,9.179802658,10.18382547,10.46945389,9.914631932,9.967373676,11.04570859,10.00875065,10.33017582,10.20130335,9.487201939,9.102427458,9.428486974,9.430313171,9.573960294,9.693132126,9.08463273,9.415487727,9.124031122,9.190591977,9.280011537,9.847737827,9.730273601,9.486083823,9.692725637,9.863347898,9.42503677,9.902041782,9.781584478,9.334097088,10.32019855,9.718171298,9.954765854,9.453111974,10.37643861,9.775898918,9.753409258,9.607682177,10.65346441,10.70738176,12.04182384,11.02374333,10.45780228,10.56414236,11.36168166,10.71413856,11.08924846,10.97721876,10.73318224,11.15644881,10.7141393,11.03993564,11.7207241,9.844793225,9.734660415,9.992848362,9.425432122,10.95878968,10.6294926,10.15186044,10.52782698,11.16565655,9.71398848,8.75659189,10.66719404,10.48714056,10.50245722
CEBPG,5.579310223,5.78707154,5.291657654,5.721835467,5.441138045,5.515144206,5.665675557,5.755091098,5.613261667,5.177730084,5.469397482,5.217802421,5.723337533,4.54967738,5.361866477,5.441797984,4.88425092,4.728748894,4.966534168,5.332800372,5.115059645,5.364245821,5.345281534,5.315733866,5.342965173,5.216853708,5.514594062,5.609017082,6.307915034,5.567222258,5.651809246,5.585654684,6.124280009,5.158772832,6.194015389,5.241232434,5.753067162,6.83514997,6.034408044,7.136200692,5.621063378,5.001565462,5.30282167,6.005225676,7.427016333,6.009438887,6.78832432,6.077206297,6.347273748,6.898727622,5.949386506,5.680236926,5.553051098,6.279273828,6.183324952,6.194926983,6.162353428,6.022749736,5.806019247,6.193606087,6.219182608,6.677199217,5.605649695,6.900278536,5.963233567,5.753009672
HSP90B1,10.34622738,11.0520223,11.6801194,11.4003002,10.93211618,12.52829065,10.89556,11.47340629,11.08771618,10.92566602,10.98990946,11.72162459,11.55470141,11.79953028,11.60407557,11.3294667,11.06946187,11.25843072,11.33670524,11.26186517,11.14687973,10.95295124,11.33195677,11.35196086,11.34526767,11.17482742,12.2499471,11.0227666,11.04469974,11.63283027,11.49849126,11.82374019,11.47375751,11.99963654,11.61435419,11.79430931,11.61133721,12.37831757,11.40605455,14.17031523,13.28631857,13.34246455,12.30841462,13.19344901,12.87277694,13.29448662,13.32268564,11.80213006,12.68973784,12.54657575,12.91988298,14.13091215,11.03014967,12.44297994,12.71902065,11.46383714,12.82918892,13.26309134,11.90823195,13.2303006,13.55994676,12.1670693,10.90510885,12.08813347,12.4021254,13.10408153
HYOU1,8.940912863,8.205574797,8.633996917,8.970149416,8.467173051,7.891730038,7.853957335,8.537049132,7.767574438,7.455150296,7.665727882,8.316739213,8.296602014,7.931587907,8.545717713,7.76609109,8.422552716,8.255084062,8.195557928,8.350103544,7.660060624,8.236732511,8.396298214,9.00712062,8.458024571,8.210386387,8.806623506,8.564509412,7.566213733,9.095636167,8.728610041,8.390274658,8.636332391,8.207899885,7.875710124,7.71436297,8.228939052,10.33363623,9.304872311,9.424675854,9.608989927,8.845465428,9.06925802,9.272483183,10.09063831,9.710025179,9.56304923,8.843653116,9.738585302,9.234023105,10.30218743,10.57649846,8.034996071,8.750926518,8.905634066,9.10148743,9.60711147,9.873271176,8.988196859,10.0160583,9.400336705,10.12359772,8.361125029,9.229011462,7.4236189,9.045663428
DDIT3,3.532896206,3.011123091,3.011123091,3.515879702,3.67670094,3.922358828,3.741853976,3.973522103,3.011123091,3.705065687,3.011123091,3.596025968,4.00664302,3.807236722,3.748968312,3.011123091,3.575325755,3.416945431,4.442648154,3.83003962,3.847012944,3.495876602,3.011123091,3.011123091,3.527184867,3.419979032,3.786547403,3.65756189,3.011123091,3.612248032,3.011123091,3.497155334,3.701489844,3.595009754,4.566012581,3.770353401,3.811307774,3.011123091,4.112549429,4.517411269,3.011123091,3.011123091,3.411502405,3.011123091,3.011123091,3.451938559,3.511444535,3.745934221,3.791672679,3.011123091,3.011123091,3.89498529,4.010567556,4.334942433,3.929536882,3.011123091,3.558639415,3.011123091,3.460404153,3.525301166,3.550348411,3.665337803,3.508742404,3.011123091,3.011123091,3.681680268
DNAJA4,7.832792451,8.224510145,8.262098942,8.114229242,8.431107215,7.815614391,8.450257398,8.195915005,7.823098494,7.88521794,7.538078997,7.79029413,8.759205603,7.881062134,7.86288835,7.235554031,7.48161055,8.44792302,7.363628312,8.156699232,7.626536215,8.382962706,8.726007119,7.796043147,7.768783865,8.013200874,8.410981145,8.369986081,8.911335488,7.941939482,8.871037146,7.857891353,8.851484928,8.085160433,8.135941695,7.859988217,7.799421715,9.76005033,7.761061072,10.93841617,7.998029983,8.67646914,8.074658558,9.455042404,10.30579258,9.478025402,10.87860374,4.661605459,9.227765911,8.610035485,7.850259178,8.688006323,8.248845664,8.384046506,8.681689973,9.775616087,9.108184756,8.988112371,7.728447188,7.993993688,7.867109835,7.866600777,10.60120855,9.41326437,9.081198129,8.833946003
WIPI1,8.743276548,8.563747881,8.415295172,8.84119828,8.612728199,8.086826941,9.348712095,8.668304447,8.203758502,7.819863946,8.197996884,8.212716222,8.398351379,8.059762463,8.62926237,7.882997301,8.219803527,7.978252586,8.034184998,8.485208106,9.200580226,7.873550259,7.871592606,8.480755593,8.962081191,7.863593538,8.298809936,8.671307196,9.223713343,9.154351458,8.459671209,8.143834931,8.69648144,8.408904629,8.315986905,8.043144932,8.131874223,8.988708401,8.458775019,8.8280771,9.01304909,8.365766864,9.002256164,8.542128551,8.045081635,7.967245534,6.088595895,9.597462572,8.415991673,6.945216792,7.973508762,8.727515385,8.221841656,7.946467825,8.611108113,9.997442501,8.657351182,8.861152967,7.476760029,9.140877357,7.901930933,9.745510251,10.11849316,8.587266464,8.60422161,7.795176991
IMP3,4.154086262,8.788144669,3.908680943,4.67484827,3.944403302,4.462093214,4.430336423,5.033527622,5.613261667,4.438496045,4.607688645,4.344310237,4.310038142,4.358131387,4.12281535,4.957548869,4.587020608,4.31653449,4.222651214,4.464203252,4.843062511,3.843118749,4.240860364,4.062127701,5.040722496,4.072387215,4.672616979,4.113186596,4.271657811,4.636372599,4.230584217,4.078555961,3.701489844,4.283975492,4.731205433,4.298260321,4.496582976,4.279998041,4.36789428,5.062251683,4.28105323,4.674616206,4.243489513,4.177297493,4.78097345,4.479847951,4.597666459,4.039651722,4.682757531,5.677052756,3.849982358,4.828013895,4.332336912,4.419880944,4.090870061,3.97114236,4.087593113,4.810595319,4.561845183,4.495489312,4.960091392,4.664845066,4.374310142,4.869142429,3.011123091,4.153004834
TSPYL2,10.25351396,10.11281754,8.874266542,9.955768961,9.925231902,9.32927349,9.553264467,9.556718291,9.68715548,9.904248533,9.735449762,9.913606676,9.932943009,9.423368305,9.578512093,9.685589052,9.661147986,10.4417797,9.497776738,10.04523043,9.630231488,10.00512152,9.623286838,9.812350915,9.00077616,9.766944225,8.79891418,9.481765942,11.77209313,9.635954647,11.12098179,9.263421613,10.80758877,9.178870165,9.899767083,9.920894303,8.985992825,6.590110348,8.410775183,8.012352564,7.291782441,7.775740532,8.62901246,8.418555241,6.983330187,6.275852877,7.013740554,6.562333466,6.458201372,6.960383333,7.222189557,7.620996665,10.30220027,9.623045173,8.588481608,9.674618913,8.349443144,8.261882143,8.668558177,7.940239729,7.86004337,8.375592014,10.23208052,7.804623091,7.251372659,7.210293624
PDIA6,9.296926955,9.833547884,10.24522377,10.47147373,10.03978013,11.57214444,9.846045182,10.6064946,10.19080146,9.982264588,9.982441631,10.89649805,10.84714977,10.81007168,10.96074649,10.5366881,10.2466263,10.68739419,10.6144416,10.52265111,10.60531985,10.45096986,10.43143292,10.69565936,10.6604978,10.61719016,10.84633289,10.56660125,10.12607491,11.01204772,11.00564591,11.34358416,10.70643259,11.15550617,10.52727536,10.70484852,11.09602949,10.7697446,10.24805474,13.41480837,12.59531705,11.93810558,11.50931163,12.70818657,12.80134332,13.35495994,12.60207882,11.1982765,12.35441449,12.14041438,12.66832717,12.96850752,10.00261461,11.40793444,11.58909996,11.00440946,12.31255441,12.29678657,10.99168514,12.76196006,12.70278895,11.77078558,9.9178362,11.47005364,11.74072766,12.29453937
XPOT,7.859560008,8.065562804,8.044401011,8.610344059,7.855115676,7.951145116,9.076791245,9.049083059,9.281388223,7.819863946,9.286758387,8.152642352,7.921764336,8.354474306,8.304667725,9.024158046,7.994417118,8.10490429,8.367253528,8.039569513,8.355853476,7.821697826,8.071849238,8.224391502,8.356071095,7.934579354,8.302450735,8.213355765,7.967222352,8.28863144,7.86669902,8.091009297,8.130584109,7.722867496,7.768836914,8.233278985,8.228939052,8.884287731,7.890121492,9.253376824,8.146838589,8.508888869,8.01311443,7.512475323,8.971333033,8.688891517,8.705631354,8.614982687,8.134774923,8.852003564,8.08703429,7.959738053,7.980786302,8.375033369,8.523700128,7.605806958,7.798676718,8.800927292,8.839702107,8.66579882,8.402520294,8.544831255,8.291421693,8.741644269,8.83214914,8.195334257
EXOSC4,7.122260839,7.007176596,6.709503544,6.93389456,6.993126488,6.639456276,6.515321625,6.605157208,6.735974797,6.658891361,6.392472403,6.280861683,6.589725837,6.289829099,6.493653852,5.831035393,6.795334605,6.458537859,6.335558907,6.59067917,6.54457413,6.616948739,7.090982458,7.16837751,6.77299043,6.755988022,6.874744884,7.049748082,7.462567496,6.790219521,6.641083742,6.595982477,6.849039879,7.198384129,6.574713312,5.924781756,6.684363125,8.59686652,6.828290001,8.303528504,7.859926576,7.735769408,7.404872616,7.761147674,7.786375119,8.773878486,7.643247444,8.177111765,8.276616251,8.365236398,8.169011826,7.424869895,6.919771378,7.246953364,7.726537348,6.883102495,7.66284936,7.295297118,8.141099758,8.518794753,7.462806099,7.533374014,7.145622827,7.847972475,8.775573686,7.76801258
EIF4A1,12.96517763,13.09632113,13.04787898,13.73867547,12.93255963,13.32417095,13.01863446,13.24189552,13.10135127,13.03073678,13.04077348,12.65648188,12.84904119,12.81083488,12.54488205,12.86748896,12.58699028,13.21620492,12.37048492,12.96158859,13.55023236,13.15574461,12.72959906,13.43674178,13.41615341,12.92605043,12.87293338,13.15325966,13.47625175,13.71510849,13.47305085,13.26029912,13.49327155,13.40644784,13.2173863,12.75023567,12.91255176,13.391539,12.78559847,13.54005599,14.23188036,14.45297436,13.41693764,14.17806692,14.36454282,13.6326775,14.3451638,14.21471282,13.92539631,13.34765101,13.25023261,14.20098071,13.06093878,12.99419272,13.25790544,13.35668649,14.05607261,13.58112438,13.59136669,14.9529637,14.42498434,13.2569127,12.71142229,13.28324115,12.82668297,13.34275955
RELA,8.251779284,7.948931171,8.113233069,8.000778204,7.663073874,7.750196846,8.015976859,8.462846677,8.231367683,7.87355401,8.550165661,8.796086204,8.779020812,8.416067936,8.254611165,8.5860187,8.768815917,8.215086798,8.305731618,8.65085046,8.168410461,7.923599407,8.190360304,8.304839943,8.089399126,8.332181924,8.331250604,8.301349914,7.708890463,8.255473503,8.532945667,8.333536638,8.803673034,7.372082074,8.268524204,8.315818242,7.955620597,8.304799411,8.28454603,7.0960655,7.447044444,6.997051476,8.177969719,7.873880738,7.892931934,8.060466272,8.494548218,7.617440398,8.130628411,7.836140013,8.713020873,7.688154333,7.943478258,8.291272939,8.133415177,8.129679864,7.611674034,8.121133251,8.001515552,9.146158501,8.243367042,8.070611042,8.110961419,8.226051039,7.537067067,7.895398801
EIF4A3,7.645496438,7.779937678,8.215905842,7.94344205,8.180432022,8.2533859,8.085018951,9.038906365,8.072517556,7.686200088,7.329478677,7.298631799,8.415336126,6.902704626,7.667445662,7.667070658,7.398442218,8.830350443,7.386133831,10.17631683,8.223219678,7.737130637,7.344622172,8.0647814,8.971103407,7.593093066,7.883372183,7.780818232,9.616105725,8.402053288,10.14619266,8.597221038,9.470437395,8.201348593,8.231872057,8.11927206,7.580021333,8.232174741,7.373940488,8.276920844,8.759457232,7.469357891,8.708777554,9.765794165,8.776517069,8.987350587,9.105196965,8.417134074,8.950581673,8.479778309,9.597677965,8.846473515,7.938746031,8.415155809,7.650819365,9.916819529,8.344232615,7.937397481,7.821991598,9.329094334,9.241008609,8.079640596,7.46400174,8.564725797,8.482233018,7.051668001
DNAJC3,7.030790802,7.86288871,8.044401011,8.471301537,7.650568109,9.537254994,7.562501272,7.924423092,7.99408288,8.484663052,8.532026629,8.464043295,8.28740507,8.701507419,8.730367524,8.757552357,8.129333026,8.363197026,8.348308586,8.422983811,7.979658071,7.712026577,7.840567127,8.104418981,8.241385571,8.15202866,9.250860322,7.616849635,7.686072495,8.221534409,8.116091589,8.572920369,8.504201915,8.296620863,9.111796152,8.410941777,8.552863662,6.373934828,7.701453792,8.809638594,8.936646284,8.792927265,8.165453863,8.888209472,8.980415776,9.391042921,9.658807212,8.338310116,9.13978495,7.61505694,7.989526721,9.352936885,8.308732151,8.305575529,8.36114637,8.071230878,8.945733483,9.232816359,8.153143197,8.318104533,8.989311736,8.467860016,6.943928779,8.351770305,7.603677946,8.915700788
DERL1,6.828191299,7.444917562,7.863062322,7.7496308,7.546401947,7.525271665,7.154197217,7.785104158,7.944885679,7.867686406,7.67678949,7.573051137,7.566040748,7.712109822,7.840427333,7.930332067,7.921902034,7.672066478,7.740544554,7.806991688,7.549909889,7.593298181,7.526359687,7.190695299,7.906965585,7.405758715,7.902699324,7.584168204,7.407798738,8.467213349,7.517414206,7.607219959,7.77502922,7.820204371,7.486903079,7.859988217,7.950678044,9.171747348,8.086311215,8.973198454,8.591027696,8.060897975,8.023556189,8.226445349,7.751390353,9.036121838,8.209438699,7.321626891,10.43196507,8.196808592,8.560626807,8.836653048,7.536704386,7.227009689,7.679682742,6.671035129,8.285637604,7.121031563,8.036617121,8.812538626,8.348036506,7.445197044,6.611732842,8.158822637,8.158480433,8.301926029
SEL1L,8.714264814,8.783897512,9.372105287,9.106890019,8.523064444,9.970781377,8.551267981,9.1798705,9.091179749,9.284350226,9.325877353,9.86247096,9.934415873,10.1641868,10.42167447,9.657762872,9.569266319,9.646320712,9.643143907,9.872567778,9.846284565,9.048762834,9.197437904,9.270041375,9.332511131,9.20045847,10.21841386,8.94310026,8.973825379,9.489729375,9.205725082,9.497156657,9.171725401,9.680486184,9.534076897,9.59512778,9.769248404,8.080844719,8.65204007,9.669224854,9.686843599,9.347380734,9.404734286,9.058411119,9.073897218,10.06806573,9.496138219,8.622828118,8.822839971,9.344646191,9.460881941,10.80597754,8.629512581,8.880737727,9.356065821,8.353242756,9.761593906,9.283207196,9.425362174,9.370291673,10.83405263,8.63942208,7.776449444,9.144702621,9.460699011,9.077587454
DNAJB9,6.592017883,7.185719229,7.822512469,7.827780146,6.952847298,8.226929375,7.088298538,8.232113801,7.92810578,7.770397429,7.620610446,7.536914218,7.985733142,8.134978468,8.415117322,8.211447694,6.851295801,8.340498857,7.763625829,7.989913157,8.091928288,7.780035452,7.398935258,7.700938356,7.868820133,7.183794763,8.934090857,6.850633734,7.697526727,7.925161843,8.871037146,7.936237235,8.821788804,8.214421519,8.737953801,8.213968,7.70275098,7.559557197,7.118396379,8.69376271,8.07137891,7.586415894,8.051036273,7.437164386,7.693582519,7.780545114,8.110585168,7.424150308,8.040674573,6.914392548,7.266765375,8.772853461,7.549186818,7.565380501,7.960067491,7.761881006,8.142876648,8.445253003,7.841978487,6.721734457,9.024467699,8.00576732,6.0761707,7.386169578,7.055585861,8.192419884
PARN,11.40466162,10.66332981,11.07900208,9.773850551,10.5713646,8.793585427,10.13611142,9.712078497,9.636459769,9.464080316,9.20136591,9.317423353,9.548523185,9.442639862,9.183298732,9.273733342,9.229892808,9.097212703,9.059338319,9.505081515,9.748536612,9.573819562,9.569961339,9.294220506,9.360243967,9.194049305,9.070536731,9.70493603,9.805076273,9.992358709,9.21168649,9.203644089,9.111643876,10.36183588,9.344069124,9.122802552,9.380523673,10.9908953,10.1210587,10.33877352,9.633395536,10.2396768,9.859610595,10.31694984,9.174932624,9.354725938,8.671373021,10.23392489,10.2443474,10.07432974,10.1215636,10.52648363,10.01389572,8.993947652,9.381142226,9.60770491,10.08406643,8.87582436,9.854289151,8.915102834,9.784637052,9.167545399,9.641590708,9.522529944,9.961813612,9.491866054
ATF3,6.982767133,8.120517423,9.453939258,8.682162009,8.59001224,8.453749568,6.175355779,11.74230914,7.97786989,7.855878943,8.614788183,6.836596508,11.93618096,7.740737939,8.271490662,6.634578942,7.445815385,10.76876384,7.961216351,10.88821437,9.850639964,10.39988531,6.482614698,7.175855438,10.87511689,7.265751402,11.31740976,5.721013983,10.64628043,9.392476498,13.38084249,10.55560365,13.58006176,9.994418597,10.26862743,10.48673535,8.662658686,9.115201854,6.311375922,9.239670376,8.855967482,7.013903894,8.700129615,10.63293302,8.322634703,10.94015429,10.8972445,5.73802468,11.49700931,7.144186268,9.145650967,9.218253687,8.849536923,12.58865242,11.00204427,13.5444408,10.7213641,7.758781359,10.24194823,10.41095772,8.867868275,7.922888372,8.552035043,9.625653679,9.837463223,8.964325947
LIFR,3.011123091,3.011123091,3.011123091,3.876807252,3.011123091,3.922358828,3.011123091,3.973522103,3.856205308,3.011123091,4.378612931,3.596025968,3.011123091,3.474617692,3.748968312,3.588978866,3.411337302,3.416945431,3.672112666,3.011123091,3.498186645,3.495876602,3.410602824,3.011123091,3.011123091,3.011123091,4.899684505,3.755540614,3.011123091,3.011123091,3.011123091,3.970041635,3.501591697,3.011123091,4.135885122,3.670495551,3.011123091,6.671304124,3.987511562,3.98883017,6.048903782,3.627680236,5.372467414,3.011123091,3.011123091,5.589458133,3.011123091,3.011123091,4.577742802,4.139385032,5.275804986,3.011123091,3.791321249,3.526475104,4.600336345,3.011123091,3.558639415,3.011123091,5.581056424,3.011123091,4.960091392,3.809043081,3.864795239,3.477923196,7.667338889,3.011123091
EXOC2,8.09736273,7.85480549,8.335941234,8.006388211,8.277076994,8.529295132,8.501647419,8.910831041,8.271814012,7.964321634,7.525892235,7.66679102,7.566040748,7.640984093,7.813003027,7.721924873,7.764896537,7.358077216,7.444479325,7.754410572,8.067170028,7.998151571,7.743263219,7.700938356,8.116774366,7.810057223,8.026781177,8.218683373,7.674526311,8.484484613,7.925972215,8.270159556,7.672158454,7.845646551,7.21322181,8.185923933,7.754737549,7.808407519,9.002811371,8.858293425,8.619822986,7.934223557,8.796580242,8.329863757,7.853891822,8.298211911,8.150944275,9.428761784,8.391947831,8.707274767,8.414117253,8.459632912,8.275352807,8.04640185,8.122952521,8.263301087,8.575244505,7.971974259,8.723413961,8.391122712,8.353075586,7.967359033,7.431918498,8.474323118,8.36438818,8.715158811
ASNS,8.526746814,8.41236832,7.6784461,8.639501989,8.916435784,8.444595784,8.360312587,8.22314902,8.714704773,8.433978233,7.286753188,7.531676828,7.430386057,8.126330713,7.756534772,7.850553247,7.281419608,7.959746846,7.76933875,7.501326786,7.43836533,8.426016059,7.953617488,7.741751318,8.52492118,7.97255403,8.22782704,8.145042867,8.809575641,8.214649577,7.804879516,7.89759727,7.841714073,8.544457405,8.31013887,7.749300697,8.216643225,6.334469407,7.484247168,9.805704204,8.930092815,8.660561089,8.554203783,7.078951256,8.414883244,7.644754497,9.028792571,8.56699166,7.420408238,8.764340698,7.376570734,8.041862469,8.857074872,8.565328907,8.094674728,8.239910142,8.285637604,8.78546941,9.11052418,7.039371645,8.631259613,8.253268651,9.247659534,9.329816969,6.783309976,8.10523117
NPM1,11.80915351,13.40217808,12.80490641,12.90027716,12.62156609,13.73864169,12.58779217,13.08756999,13.33029293,13.98765242,13.78569684,13.28627006,13.35632592,13.92046224,13.61003699,13.99962832,13.56420576,13.64135314,13.86630774,13.39631154,13.18890071,13.89221413,13.26144909,13.66138156,13.2085791,13.61474432,12.95771954,12.90573437,12.9772598,13.5733996,13.9651886,13.67789978,13.58338285,13.49893417,13.8511799,13.41400991,13.55186241,12.51542442,13.08529042,12.98772672,12.81257952,13.9069482,12.63655865,13.07184947,13.97017062,14.04257402,14.10979724,13.19808411,13.09240295,13.3653105,13.24967907,13.05201528,13.73865338,13.36330518,13.38774424,13.16367875,13.12986816,13.73899501,13.04375587,13.42029093,13.65692902,12.90576955,11.67162387,12.66688475,12.92291641,13.34054163
POP4,7.508366354,6.623598405,6.709503544,7.11145122,6.963023898,8.334922791,7.37281478,6.835461997,6.951347319,7.18913677,7.550163294,7.43959021,6.935685275,7.374732883,7.276750391,7.629303254,7.419690084,7.131688182,7.080344291,6.975997656,7.446077172,7.288006771,6.79072356,6.950136557,7.137241051,7.089957736,7.475568881,7.007147101,6.745578228,7.562409052,7.107244499,7.034396813,6.751107898,7.429352984,6.936960784,7.650075516,7.417416249,7.068349763,7.217637305,8.303528504,7.620141896,8.044638223,7.350537797,7.873880738,7.96186627,8.538013473,8.34170667,8.122799614,7.731203123,7.961661877,7.978867907,8.081232516,6.870751031,7.165458646,7.491695575,6.913104085,7.637489342,7.742845541,7.545457196,9.274680544,8.387864203,7.133957119,6.290170625,8.470863483,8.14959911,8.648696251
ARFGAP1,8.658242189,8.762471996,8.419829711,8.039596856,8.412730081,7.226727346,8.313143298,8.020720858,7.452377895,7.88521794,7.833251311,8.319777115,8.548310075,8.324552135,8.480445495,7.748586974,8.565003824,8.601369397,8.454875356,8.578824608,8.771904844,8.354879862,8.30554635,9.119651135,8.604398926,8.48967806,7.949911476,8.47164301,7.817847889,8.432037198,8.8251072,8.181072066,8.69648144,7.628273852,7.914790634,8.323560582,8.591457147,9.180041143,8.626253243,7.575907741,7.853007808,7.245446721,8.6672298,8.257383459,7.943390979,8.186119814,7.478411131,7.544868918,8.462908356,7.938945173,8.228696214,7.983684018,8.149985132,8.202340851,8.766998991,8.850628643,8.190117351,8.127280736,7.988128666,10.11631841,8.455018973,8.397414989,8.892228738,8.488079203,8.698541667,8.709056499
STAT3,11.5075563,10.78834511,11.41490823,11.46888608,11.1062341,9.986627784,11.08427918,11.31589807,10.57957564,10.28896827,10.75348061,10.80141822,10.8819137,10.58971439,10.0863279,10.65047634,10.59359539,10.90109308,10.4421,10.90904978,11.29803721,10.71976045,10.66660197,11.00488549,11.14926661,11.01723819,10.71530694,11.07580078,11.73649989,11.45159761,10.78155659,10.78514156,11.39126976,10.93254902,11.02864295,10.44182189,10.84578749,11.42805277,11.11313406,10.40371106,11.38520619,10.55132134,10.85541523,11.4111273,10.77193618,12.52745487,10.4721416,10.60542797,12.24631973,10.27942714,11.69626659,11.86252932,10.82065636,10.47346249,11.01576511,11.01649667,10.87731246,10.52519662,11.14617791,10.92722932,10.95987681,10.38881222,10.33412884,9.984498688,11.33579309,11.92534517
EIF4E,6.623770533,8.065562804,8.561986944,8.425994765,7.793906282,9.800144209,7.943456769,8.830505521,8.217629234,8.422024182,8.027142666,8.254595984,8.368137679,8.478536906,8.108189763,8.413646277,7.833727254,8.261140106,8.400739138,8.019911983,8.191501591,8.249864637,8.06850689,8.245814978,8.30938968,8.165202896,8.783370745,8.158967085,8.575400264,8.828979255,8.556565406,8.984336973,8.911924314,8.932313734,8.989111006,8.938537799,8.486151999,8.038869966,8.531114792,10.05298827,9.789952165,9.370377462,8.615278374,9.652392906,9.83933642,10.13383077,10.18712857,9.483630666,9.6759894,9.110823716,8.902471332,9.712787365,8.256469029,8.500508807,9.090510272,8.401472072,9.707866482,9.476055695,8.79686594,9.756033613,9.620992315,9.023008494,7.074576415,8.844125237,9.639326899,9.200104174
PDIA5,8.422967597,7.598141826,9.091567366,8.534759444,8.647716819,9.1883747,9.226803861,8.565692517,7.649651968,7.75776043,8.450674103,8.715362094,9.359710502,8.866296332,8.801799188,8.368559374,9.522258813,9.435030308,8.261858069,9.458418793,9.154346374,9.16187103,8.168674464,8.843524326,8.383370857,9.194049305,9.25837429,8.034575435,8.397402226,8.96641619,8.25542906,9.010417682,9.727412524,8.356806485,8.496753409,8.43258026,8.814464805,8.836112901,8.915439879,8.589533794,9.346513239,9.118150283,8.856176021,8.830620167,8.68687401,9.515892825,8.251801694,9.305040888,9.531045249,9.083489457,8.924840586,9.091868994,8.326947447,9.487507752,8.860187949,9.130382677,8.754797469,10.24071851,8.662956022,9.637304482,9.157100333,10.91197279,8.552035043,9.584644735,8.939046332,9.96692853
SEC31A,12.28214717,12.6707877,12.47793415,12.55956148,12.52012193,13.97948708,12.79112867,12.43384456,12.65221924,13.05592118,12.67582164,12.82032402,12.70827639,12.91311822,12.70105166,12.65377046,12.24826616,12.24931713,12.25705303,12.38161245,13.37953134,12.90095224,12.73789999,12.69327287,12.55240596,12.82366126,12.16705873,12.7842051,12.32519561,13.2922474,13.14639224,12.97433265,12.75234751,13.64930085,12.60110536,12.85927488,13.03276992,10.70609209,12.47788632,13.62068738,12.53911138,12.82858314,12.67924517,12.51017594,12.1656727,11.88329712,13.90186968,11.96715161,12.54216671,12.5368488,11.73633051,12.462137,13.0918731,12.4553188,12.35068904,11.85133821,12.84839673,12.63122532,11.50580235,12.0581518,12.63256153,11.73376042,11.49985561,12.18231972,12.11755934,11.8749244
SPCS1,8.981043474,9.940418186,9.934393074,9.346711674,9.328736225,10.75603185,9.334615661,9.786946274,9.692128415,8.772000581,8.631921057,9.454966176,9.13473385,9.025832743,8.953788337,8.662712216,9.143317418,8.455864017,8.419011441,8.682436435,9.801991626,9.095560809,9.082922148,8.76659402,9.195535336,8.723532198,9.8924166,9.361764712,9.056108795,9.792008998,9.08100958,9.155374564,9.15277028,10.34411523,9.202943037,9.298000112,9.088467035,9.234146664,9.880591688,10.89827296,10.44930215,10.45780228,10.0970916,10.16451355,10.39451781,10.22534983,10.79598227,10.09141808,9.913971192,9.550794018,10.17618472,10.67252882,9.697252887,9.734660415,9.462175595,9.130382677,10.16898908,9.956701591,9.59964896,9.948151142,10.7929497,9.337030947,8.369605557,9.71898168,10.1201068,10.48173381
LSM4,7.269503696,7.092352756,7.440008605,7.036464053,6.824719436,7.339900852,6.515321625,6.948985796,7.167438543,6.801759282,6.521638481,6.784533254,6.648724691,6.274099761,6.814106184,6.264624655,7.304457545,6.710937228,6.629208875,6.373846611,7.109593626,6.877203915,7.097573438,7.40936524,7.444818588,7.01165944,7.267413919,7.291918032,7.838683153,6.862779546,6.855331393,6.480436546,6.813097946,7.312431624,6.705953528,6.65225928,6.895395414,8.449094355,8.304700318,8.846282778,8.169283418,8.003166983,7.50276726,8.490991556,9.051088833,8.572933109,8.784675038,9.357691004,9.076564568,9.44470277,9.41816422,8.141004052,6.994868239,6.90147938,7.744860051,7.481521365,7.970927503,7.965125019,7.866577967,8.526917183,9.145534432,8.128315872,6.654254506,8.435802535,8.82101026,8.229854452
TRIB3,6.051254525,4.812538187,4.853684089,6.411899379,6.187201537,5.190126371,4.950700358,5.271969789,5.428857391,5.495271307,5.570622418,6.229547213,5.750971443,5.103331899,5.164400913,5.299315933,5.325647051,6.90989959,5.485762496,5.518325452,6.392244586,5.259872692,5.652213293,5.863665568,4.991159321,6.755988022,5.258597796,6.197564639,7.181516352,6.307499886,6.255227844,5.891560758,5.740947817,3.831416329,6.001511972,4.482555772,5.412285089,9.583751203,8.329503087,7.454363493,5.973231751,6.010103632,6.518123497,6.43859106,5.696085112,7.958463833,4.458192152,4.906114183,6.800319672,7.409904713,5.857654218,5.487093664,4.63075423,6.479205028,6.040472626,4.841523281,6.232499704,5.254749175,6.833879553,8.66579882,6.102877234,7.025691963,5.31003037,8.580862161,7.251372659,6.390843948
EXOSC10,10.51022783,10.81875506,9.953274969,10.61686811,10.28367023,10.33990618,9.945234866,9.96139424,9.995455074,10.42389249,10.01544402,9.889287644,9.860416338,10.07606899,9.978479005,10.05620313,9.838892402,10.12250456,9.760944543,9.942045746,9.928243118,10.45380804,10.46927804,10.22005541,10.15744435,9.924278624,9.971110907,10.20689308,9.029199331,10.25127326,9.6864189,10.04330905,9.93439991,10.21031656,10.59973548,10.0982617,10.34724622,9.301579433,10.58662603,9.86046091,10.54994901,10.48062481,10.49585544,10.17264618,10.2125357,10.21893627,10.37014313,10.8286658,10.03196423,11.00286016,10.31811553,10.21782811,10.80190665,10.20776926,10.20348014,9.78574114,10.20103004,9.807848884,10.50868213,9.972135313,10.27323412,9.979205148,9.912045178,10.71620825,9.140639124,10.000617
FKBP14,6.970505139,7.198574409,7.990528002,8.353047379,6.835846612,8.681190904,8.213902836,7.748059905,7.108951636,7.315404607,7.562146843,8.046591779,8.126510869,8.468311645,7.826780507,7.390477282,7.954986537,8.124970858,7.941116873,7.597382338,8.585824933,7.478844259,7.53608174,7.815288515,7.631186892,7.617282716,7.931212011,7.39451231,7.181516352,7.891008277,8.377173949,7.731744197,7.652023426,7.418080048,7.634768837,7.922532055,8.516554919,6.556289717,6.974384053,7.990677035,8.191383871,7.505487149,6.613951892,7.704499433,7.610101219,6.963856867,7.421733811,7.6562293,8.234738347,6.990242453,7.079491163,8.46814087,7.283756084,7.379298519,7.916294831,8.257488858,8.435255603,8.102531774,7.155496415,8.534994096,7.703018462,8.334704085,7.995121258,7.371374133,7.969530232,7.814270885
SYVN1,8.86045082,8.428786408,7.94718718,7.461611387,7.656834585,7.584886613,7.625709295,8.186721369,8.349451878,7.732148475,8.32986722,8.436322381,8.221328185,8.013610221,8.500625712,8.571173056,8.36083271,8.343355759,8.348308586,8.697973631,8.091928288,8.241123201,8.244669518,8.656297547,8.290285245,8.020469492,9.199090515,8.142241797,7.938561853,8.186776408,8.699203869,8.095892497,8.44698252,7.895220103,8.280537264,8.116302998,8.174882205,9.798261607,8.936574183,7.779340124,7.817906055,7.68419119,8.002596396,7.6654553,8.062304605,7.881573906,7.739087656,8.264987735,8.211372141,8.111371004,8.957756947,9.19282138,8.145886028,8.150453907,8.140348294,8.811510766,8.339003175,8.353864092,9.165035679,7.890712898,8.926492805,8.474718772,8.64577321,8.175926168,7.831917279,8.111416609
STC2,6.347333843,5.186807604,6.466456928,5.261397531,5.980112089,5.044105365,6.041006689,6.605157208,5.428857391,4.576387468,5.038776894,6.784533254,7.113269583,6.320771885,5.999015461,5.831035393,6.676364965,7.070758861,5.697577662,5.03650528,6.889280333,5.397296233,5.345281534,6.023539896,6.430742997,5.106163836,5.514594062,3.917988431,6.307915034,7.164627235,6.72733595,6.582042503,6.35980619,5.632815095,5.553007211,6.410139268,7.63654923,8.559200849,6.311375922,10.5607572,8.347140554,8.850148038,9.257818561,7.62532151,8.723402799,6.232356014,7.859716892,8.408081357,6.403822956,6.58266399,6.792459508,6.179096782,5.270445432,5.586210397,7.079576811,8.303343102,7.426597773,7.937397481,5.720398191,8.554990553,7.067572964,7.861372868,7.857120077,8.554956551,5.921408303,5.990268519
TUBB2A,7.675946685,6.819915404,7.663212969,7.72941171,6.952847298,7.032107041,7.196504531,7.363107436,6.735974797,6.574470642,7.891364061,7.467292499,7.661772119,6.493440483,7.128626541,6.615290314,7.179158608,8.070825912,6.703058777,7.01635971,8.488528718,7.209351293,7.199104113,7.731656119,7.705243765,7.337461248,6.686006505,7.271516634,10.02074814,7.594619215,9.656139124,7.52262668,9.051510729,7.713683224,8.361935877,6.448719376,7.115110022,6.762997797,6.807158681,6.852627295,6.750314641,5.975686485,7.19264723,8.868313808,6.04095177,5.214497613,6.20957657,6.529085472,7.669618867,6.201567293,5.200976924,6.670366222,7.166996879,7.758135347,7.337114323,9.415032537,7.806280862,6.533526469,6.558475214,10.26084002,5.015469509,7.616452431,5.545315327,9.111771221,5.787808026,6.144997818
SERP1,9.034827225,9.320979523,8.827263477,9.114696307,8.709235141,9.171834507,8.824452606,9.161227247,8.906661586,8.842441641,9.242837062,9.39864355,9.326439076,9.374944068,8.642295163,8.735530767,9.249268559,8.520390707,9.22836813,9.255025307,9.505037841,9.143234325,8.800385286,7.889795084,9.066791655,8.853269488,9.183387488,8.887346407,9.712274483,9.422645624,9.041390097,8.963127354,9.451174017,8.147837158,8.576856075,9.275568148,9.384191007,9.711294135,9.016617686,10.01057788,8.781469169,9.518901998,7.54207077,9.263807509,9.716091118,11.37659038,9.41979532,9.802999478,10.08752835,9.812451117,9.698479683,10.39217321,9.199054905,9.206943809,8.64073469,9.317899404,9.4511341,9.42210923,9.186666534,9.213109384,9.122120573,9.683242983,7.939219386,10.46130517,9.86483332,9.055315061
PPP1R15A,9.445516914,8.682591435,11.22727837,9.831822032,10.03258057,9.109510472,8.864254081,12.063509,10.03513338,10.35119762,10.38391768,11.11540683,12.0694977,10.93035898,11.02631504,10.6910778,10.2577061,11.45173589,11.58657757,12.89020253,10.70649866,11.00612351,9.293547229,8.859819314,11.22348534,9.806340995,10.50798146,9.183998219,9.936377706,10.17180176,11.92034473,10.76230611,13.12976375,10.02439968,11.26602312,10.84360381,10.79297347,9.455260487,8.724875379,7.590402768,7.492312301,7.725600658,8.769970171,9.068410168,9.236876446,9.545486858,8.636280691,7.272489491,9.526321738,8.77292299,8.303190687,8.534454751,10.06359658,11.7007027,9.37234143,12.18736509,10.45765645,8.864834835,9.27376401,10.23876647,8.919718241,9.48018497,8.431666917,9.507418291,8.97968068,8.772853159
SDAD1,7.720446365,7.47689733,7.737814797,8.499408769,8.167334319,7.970417424,8.712608616,9.312504565,9.540459946,8.09056944,9.239115851,8.068435848,8.079321459,8.185802244,8.581343862,9.726346993,7.683858115,8.299895806,8.444209582,8.260836419,7.266042838,8.14598557,8.159279649,8.522304271,8.078301651,8.392227829,8.334810447,8.116783976,8.376196169,8.143928524,8.393006222,8.583385146,8.530146263,7.974227637,8.652740613,8.349071985,8.069420362,8.008120769,8.068736692,7.841224058,8.77050521,8.019899079,8.308912257,8.943586674,8.653187497,8.520231194,8.664422564,7.519840739,8.570867877,8.546377839,7.83851317,8.597851337,8.141775225,8.393003618,8.746708046,8.45323257,8.727049598,8.947022238,8.608620715,8.506524632,8.953277187,8.74813456,8.56685906,8.070118989,9.099749992,8.285611249
EXOSC2,9.171823333,9.113285064,9.05706432,9.556109437,9.034084515,9.023011832,8.946896894,8.992200991,9.013837656,9.72944945,8.482509271,8.559643044,8.273498634,8.766921494,8.384414607,9.031405763,8.639208162,8.795319836,8.560699566,8.92354001,8.322776801,9.023508442,9.164966348,8.661619133,8.61211089,9.023797957,8.626696012,8.925297078,9.625118157,9.301238612,8.900863898,9.056206236,8.653293757,8.034453237,9.021669179,8.88025685,8.641358536,8.850042168,8.622244774,8.530701519,9.430157321,9.562345248,7.885345729,9.412504449,9.376429685,8.664816511,9.097478178,10.27804781,8.449658716,8.815084449,8.560626807,8.950301856,9.173122454,9.076856094,9.024630534,8.458307823,9.220461015,8.82380774,9.324314377,8.835606284,9.496789379,8.901048139,9.920723016,9.711675076,9.752091757,8.887160559
LSM1,6.933075692,6.932107738,7.394580809,7.260032069,7.098384081,7.472127989,6.995435196,7.189521165,6.052606975,6.764192689,7.051655467,7.552512845,7.738077598,7.839324341,7.652045837,7.332853059,7.263895138,7.317897495,7.58074938,7.0063754,7.780770163,6.97569326,7.097573438,7.234315148,7.260434073,7.222203585,7.340203974,7.013311119,6.8315813,7.045191344,7.041598012,7.680620693,7.539598337,7.429352984,6.792808768,7.447420137,7.541062208,6.655431528,6.986954076,9.404343532,8.699060715,7.641554058,6.958095754,8.03053815,8.150835603,7.622677079,8.384639428,7.125213224,8.791681542,7.258895868,7.649742953,7.484889837,7.022043676,7.379298519,7.928365434,7.231249188,8.148867163,7.774542597,7.155496415,7.180319669,7.64662222,7.358700373,6.47596339,7.7599271,7.775276113,8.312700813
ZBTB17,7.439008709,5.715907455,6.694529726,6.411899379,6.824719436,5.806481353,7.154197217,6.519296906,6.527752512,7.0814858,7.227731977,7.388338598,7.455274787,7.228592801,7.322910721,7.272818557,7.72707836,7.781528882,7.681167203,7.383060549,7.3588801,7.493659492,7.217365872,7.428255743,7.512418038,7.588205911,6.874744884,7.108489049,7.603231957,6.590817741,7.132683391,6.971823747,7.409648869,6.679506423,6.194015389,6.975515387,6.905683627,7.237312213,7.536379017,5.790186234,6.433259637,5.749130609,6.755006508,6.654551057,6.718340425,6.559538539,6.504902535,7.321626891,6.548620423,6.501771536,6.943163646,5.767470114,6.667428462,6.963150747,7.190881386,7.633024076,6.880310225,6.964547849,7.098361094,7.613744164,6.855874536,7.758254063,7.62869578,6.77060758,7.34787636,6.759195035
WFS1,8.467120564,9.011626145,8.272165996,7.925786266,8.491892649,7.750196846,6.087233557,7.589535214,7.608093359,8.518736718,8.951413134,9.395768847,8.954811785,8.143574611,8.773649784,9.356849713,8.895316374,9.538324327,9.186332887,9.212394848,8.284634724,9.177982891,9.056190267,9.232995181,8.52492118,9.878054228,8.362976943,7.864812625,8.202334106,7.401742342,8.051035632,8.020846692,9.354949941,7.608584865,8.225671672,8.244198714,8.744845005,7.657989389,8.089219564,6.334656958,7.218190615,7.824191783,7.995541445,6.43859106,6.89606431,7.354400939,6.838824685,6.817394376,6.042558276,6.640450164,6.965001036,6.199920274,8.72324024,8.573230231,7.256299635,8.873599868,6.991537801,8.709692423,6.470747972,7.169956227,6.028170204,9.340788534,8.991691454,7.512887359,6.71235731,6.600248841
DKC1,7.606503863,7.779937678,6.955208201,7.260032069,6.921875744,7.279278715,6.258283031,6.99198664,7.195810835,6.874051524,6.023666284,6.53397656,6.589725837,6.070225901,6.360020154,5.990964543,6.456366065,6.313236793,5.984511199,6.479167358,6.708133455,6.721767433,6.937730729,6.976094514,6.376966599,6.194745847,6.708253426,7.10272216,7.114618453,7.377249594,7.081345791,7.18901184,6.561658541,7.462650513,6.408204078,6.627305224,6.864078867,7.444718693,7.425551224,8.887889483,7.998029983,8.325969156,7.551730974,8.622389814,8.501580231,8.092922252,8.446731542,8.630631081,8.398858533,8.111371004,8.233186507,8.030413313,7.398642835,7.406137791,7.170659509,6.756368743,7.760041258,7.517804829,7.450941893,8.802538375,8.193665048,7.552976532,6.748798354,8.309780113,6.585640297,7.244534911
PAIP1,8.559743198,9.273307674,9.232218573,9.52520707,9.0098442,10.15735099,9.236944838,9.656593153,9.797407398,9.450419524,9.40439559,9.09975202,8.824223923,8.995306378,8.514869094,9.291951661,8.666078691,8.601369397,9.132004982,8.612010407,9.256363092,8.838942125,9.034099706,9.100189711,9.238509308,8.940095974,9.370096657,9.157903485,8.916239736,9.125292619,8.703441653,9.23273529,9.36115573,9.345500718,9.516417553,8.965169775,9.192530811,8.467286505,9.103992467,10.75630605,10.08211935,10.21084762,9.099162311,8.999530894,10.03070455,9.867107367,10.68449862,9.926953356,9.352205782,9.702221574,9.140881796,9.267811124,9.54070456,9.337900085,8.881023011,8.695973003,9.243023998,10.18586102,9.04313083,9.336042798,9.530525282,9.77219003,8.1897166,10.48635363,8.88658816,9.541921065
GEMIN4,5.848963186,6.151161541,5.683112466,5.829166413,5.874784351,5.321465148,5.467098523,5.534934339,5.524190684,5.363375315,5.91404728,5.714255497,5.262731386,5.670648818,5.361866477,5.570630782,5.521312313,5.399003384,5.792355766,5.706878168,5.439046365,5.022352757,5.615080894,5.7458514,5.221858176,5.413724338,5.684806918,5.450031715,5.348868026,5.269758699,5.281623111,5.527314908,5.042999214,5.784079407,5.812365258,5.41229616,5.287432689,5.402257504,5.246965929,4.970880024,5.280735729,5.90419562,5.372467414,5.560234667,6.131929662,5.214497613,5.283117974,5.244771503,6.195132135,5.289124603,5.275804986,5.521248061,5.57831134,5.486242988,5.303122616,5.509696803,5.499554132,5.388700432,5.452964038,6.618478098,5.543297069,5.520621326,5.381564266,5.802894299,5.284904829,5.01987717
SLC30A5,6.288914154,7.47689733,6.412428188,7.047419882,6.499950156,8.008204956,6.643681767,7.033733072,7.138493399,6.942862217,6.546118951,6.148892515,6.251179364,6.546621931,6.360020154,6.213988048,6.024064476,6.253120835,6.666612302,6.136275245,6.376071394,6.364683611,6.166494585,6.33802537,6.138718292,6.497693677,6.605286943,6.904730762,6.307915034,6.862779546,6.972796727,6.495404248,7.016327149,6.716927834,7.1878727,6.618889058,6.286354037,6.806725151,6.370471482,8.338257878,7.342129268,7.785562179,6.327422116,7.06899173,7.019159724,7.588912039,7.841329681,6.985684938,7.16818646,6.201567293,6.384732951,7.566504262,6.161568164,6.624121309,6.361715441,6.066159343,7.259187537,7.581939662,6.216538406,6.086368776,6.827064674,6.429589367,5.514113983,6.900278536,6.850901892,7.414516859
YIF1A,9.948811483,9.887972529,10.34748799,10.24841818,9.539817695,9.800144209,10.00282059,9.881083913,9.32686338,9.282148444,9.056647417,9.197087962,9.590234606,9.225161527,9.125082995,8.739962078,9.016835738,9.468111358,8.904596377,9.125455944,9.941914966,9.703494445,9.555719915,9.931645027,9.566759561,9.721993531,9.308094678,9.852653449,9.117010985,10.19994333,10.22492387,9.703048199,9.863316386,10.15887289,9.193448324,9.197702412,9.455644936,10.36549428,10.29159694,12.36212309,9.970013434,9.36711458,9.816264656,10.46051164,9.87710414,10.0172246,9.801813412,9.324409497,10.73595374,9.901219956,10.53625436,10.54368394,9.815436605,9.326261894,9.84272172,9.6415499,10.46006568,9.80593537,9.485299405,10.53790526,10.42083847,9.559718705,9.351873426,9.873640148,9.485598333,9.801899823
KHSRP,9.898129778,9.150045031,9.552171378,9.160666926,9.225167089,8.06906066,8.94070523,8.938467714,9.2275978,8.857309925,9.146798774,8.839053841,8.687625615,8.313169157,8.806437781,9.045792821,8.899096099,8.892117843,9.093857175,9.076377051,8.149667279,9.080945914,9.142905206,9.232995181,9.026969399,9.141723996,8.864397444,9.181273534,9.933962167,9.349150592,9.129050613,8.843451198,8.874809166,8.804205499,8.898514218,8.601283438,8.6072377,9.550021928,9.334567254,9.221190092,8.553139288,9.021834145,9.331047824,9.3441924,9.437057739,8.837478829,9.023371032,10.11385156,9.080866587,9.012797269,8.667312388,8.752105214,9.336601388,8.733405794,8.688798122,9.231638128,8.860738205,9.183551871,9.168992771,9.8784758,9.340731062,9.034655836,9.1769734,9.464591223,9.645652998,8.280131675
NOLC1,8.775231761,9.36712591,9.424920845,9.292686075,8.830463115,9.14383884,9.059752462,9.524261874,8.623909307,9.321275217,9.31531334,9.39144602,9.912163432,9.265075074,9.08365134,9.499547248,9.473667526,9.769260734,9.324519024,9.871198313,8.985043851,9.283865536,9.379613024,9.717202088,9.396410563,9.438654299,9.589998308,9.170323024,9.610065999,9.689043485,10.48694848,9.695031306,10.51193543,9.15873341,10.16881515,9.362023703,9.215357049,10.22562042,9.253980263,10.51976552,9.659377111,9.883313416,9.551338384,10.79748569,10.65392833,10.779471,11.16921519,10.28052882,10.33356436,10.40064163,10.55160558,10.09004748,9.343772087,9.933373683,9.834201731,10.44095978,10.02670899,10.05503328,10.06429185,11.10110894,10.86434956,9.974375915,9.798923383,9.960041206,9.778237875,9.802854914
CANX,9.984169552,10.49950925,10.79924449,10.63326161,10.85190477,11.01590599,10.00578867,10.69662777,10.55794704,10.62054272,11.04528791,11.14950735,10.60416034,10.67735684,10.98549355,11.25713833,10.73031991,11.08163624,11.51494917,10.63906505,9.926868779,10.58989724,10.80897657,10.78367368,11.39023249,11.27916447,11.44880224,10.30024543,10.14708234,10.20342273,9.87475809,10.22909735,11.23730499,10.08077253,10.59493629,10.34313486,11.23957031,10.94621864,10.55439462,12.65623421,12.15894411,12.06080465,10.1175254,10.91502331,11.50708523,12.43364373,11.60535478,11.05782002,10.91945762,11.5413779,10.92051451,11.61173588,10.62046009,11.09130384,10.33611153,10.41771051,10.933873,11.91447699,11.03784869,10.715343,11.1418468,11.13065815,11.00844973,10.65124279,11.18977285,11.42698727
NHP2,6.575871814,6.096689825,6.724321724,5.976031305,6.398165447,6.655507884,5.393865387,6.632663042,6.172878896,5.615442249,5.038776894,6.413063541,6.343698806,6.24210526,6.124910611,6.615290314,6.612936412,6.164406561,6.524375809,6.464592064,6.274945667,6.396797938,6.399266635,6.733720232,5.954021816,6.194745847,6.097038422,6.400563046,6.148436703,6.479558446,6.255227844,6.480436546,6.219578164,6.497754566,5.778174963,6.298281819,5.927277599,7.032027812,6.862828651,7.454363493,6.641549815,6.632087143,6.62318902,6.499464464,7.175444097,7.682592721,6.923120145,6.803589388,7.24707933,7.004941588,7.54517249,6.513734911,6.005240205,6.713132896,6.443124147,6.335354416,6.162353428,6.93671947,6.71919656,7.039371645,6.93897519,7.151231884,5.966952293,6.640411983,6.611901948,6.546130858
VEGFA,9.794557651,9.800299842,9.255228084,9.930933097,10.52765251,9.019934566,9.616768173,11.3635559,9.358489569,9.355185248,9.297532857,9.497151927,11.10952132,9.958071314,9.161742287,9.21447515,9.38616677,10.55078821,9.521637044,9.861575482,10.82779843,9.500675549,10.20912227,11.06633936,10.34260172,9.516481576,10.7556801,11.50004105,11.84910551,11.45086596,12.53455427,9.834390815,11.61589168,9.096579029,12.88824395,8.936856854,8.901498855,12.8903483,13.46910166,12.66907205,13.68748246,10.21991878,14.16303121,12.5062742,11.18780108,13.22074535,11.85842188,10.76542219,11.57949493,13.59569873,12.33711357,11.22260033,9.948378632,9.689955874,11.81290217,12.60487864,10.98160737,11.12845211,10.73170423,13.2526551,12.62216954,12.96584783,9.74944513,11.6672441,12.98284882,10.96175825
BBC3,5.87591573,5.601739571,5.332340396,4.542539341,5.499904562,5.143256419,6.217429322,5.649431067,5.850266219,5.255145487,4.607688645,4.763677499,4.471104834,4.489449073,5.1944885,4.271442811,5.325647051,5.09276906,4.680558917,4.809170881,5.073575211,4.932311696,5.199690875,4.52252658,5.134447936,4.985094412,5.638299238,4.955925525,5.848276637,5.213029033,5.651809246,5.228122046,4.355856906,5.819437897,5.331898634,5.37154408,5.254297364,7.279197929,6.260169055,5.935934124,5.686357632,5.749130609,6.233650226,5.848715783,6.317370944,5.492553799,6.001729617,5.548131968,5.30242819,6.227064696,6.368353574,6.000364809,5.39071921,6.113741824,5.682319069,6.243305714,6.18612591,6.125938882,5.698135455,5.256514977,6.519729485,6.415280331,6.216060797,5.757206008,7.147906117,5.8006974
EDEM1,8.646771584,8.466383177,8.750158873,9.180637184,9.111304042,8.349710284,9.126731965,9.243286943,8.863221524,9.091618471,9.242837062,9.497151927,9.069194746,9.221108737,9.867468954,9.440888823,9.534458841,9.853792588,9.259109557,9.590784113,9.409861607,9.150251344,9.224700346,9.520429668,9.83562893,9.166488041,9.964236079,9.168948346,9.352303285,9.046104485,9.395745766,9.297710366,9.01261296,8.350899797,9.752384292,8.679770922,9.147923941,9.676547732,9.554493713,7.912134766,9.22061024,8.478961841,9.080961267,8.73967905,8.844422857,9.146466952,8.589344941,9.275491352,9.154145956,9.012797269,9.846404813,10.14676967,8.766580134,8.726337446,9.127594561,9.473831271,8.742970859,9.101675618,10.22304373,10.45310722,9.602078487,9.221533969,9.069204197,8.305901441,8.752306886,9.080741328
CCL2,9.771864689,7.223944144,11.67064345,11.54883346,10.63375262,10.7997399,10.95818683,12.99521422,10.28596755,8.449764268,10.13037642,9.927605716,11.13023246,11.23667366,11.40825864,9.802446172,10.47645001,11.49827282,10.61523379,11.6134701,12.13730564,10.37514617,9.384993181,9.692725637,12.79224069,10.44977773,10.98580693,9.473994918,10.90122837,11.46687729,10.53765425,10.91780517,13.14317849,11.52604896,13.88474545,10.80451265,11.08198686,8.807844034,9.606130438,10.63067933,9.719507574,9.141256691,11.18852135,13.45201876,11.33370138,7.94519002,12.20184549,7.882409368,10.55609986,9.515438159,8.815352858,10.4830882,9.825715507,11.23824811,9.65108276,10.69521406,12.201755,9.635398255,12.24332915,10.69116325,11.22729255,9.122413843,8.459738913,9.936416099,9.731423087,9.510694695
VCP,10.78933385,9.942324471,10.62080869,10.99077167,10.59436453,10.2547897,10.80304765,10.8309472,10.7820363,10.86223706,11.08002051,11.34471368,11.18878957,11.42151057,11.34671513,11.21081764,11.30344078,11.55756302,11.32222346,11.3066223,11.34355308,10.86684503,10.99768855,11.12383744,11.45435261,11.13147083,11.18521056,10.90593412,11.92586549,11.31353224,11.18297125,11.08233282,11.24235609,10.6663471,10.9424844,10.9144819,11.45885429,11.82388681,11.42227669,11.47528837,11.67596585,11.9413997,11.15332917,11.40176822,11.88254544,11.10870635,11.38480666,11.63721752,11.83414867,11.81863221,12.08865962,11.32855292,10.40602971,10.47662416,11.16462061,11.16505552,11.33788992,10.80834452,11.21476497,11.56943628,11.0188994,11.59318451,10.0568478,11.14453556,11.96024896,10.98508502
NFYB,8.09736273,8.471674964,8.618302705,9.623310166,9.142854512,9.833823771,10.03223004,9.069223493,8.915194729,9.454335828,9.611414177,9.595637039,9.718878613,9.670737776,9.348232532,9.629389306,8.870503649,9.50683239,9.655520492,9.82808688,9.460136229,9.394372055,9.356520775,9.380638515,9.505988216,9.650071824,9.689229118,9.129915485,8.69438535,9.529086037,8.965800305,9.221615704,9.84719655,9.020508615,9.578518051,9.186429535,9.112986869,8.080844719,8.707954526,9.570491765,9.324197074,9.963274411,8.229981309,9.259450022,9.439255007,8.980865757,10.0644975,9.505006809,8.676997185,9.637918736,8.941392692,9.102834549,8.857074872,8.988050215,9.06342519,8.532366909,9.276220099,9.174680713,9.412068656,8.502411268,9.199664636,8.92126837,8.529509172,9.432948799,9.513538113,9.184064387
ATP6V0D1,7.111141414,7.412209624,8.383147474,7.49395265,7.559843015,7.626004203,7.354260802,8.343847227,8.175609811,7.091613342,7.242716473,7.741250842,7.771467511,7.500679777,8.220247026,7.272818557,7.829768256,7.716855837,7.472786778,7.674897615,7.984955727,7.313295426,7.511652172,7.599097133,8.806117389,7.543457357,8.078672836,7.791589591,8.085219963,7.562409052,7.925972215,7.930780337,7.982678863,8.127246493,7.175028097,7.737748812,7.720289416,8.439911433,8.476648218,8.55304597,7.781926616,7.597613987,8.232983111,8.100470748,8.140062289,8.088905031,7.871845809,7.940103184,8.436286132,7.516138554,7.83851317,8.677040512,7.466042942,7.237016186,7.866974012,8.222114279,8.296470015,7.894778336,8.05812888,8.778931123,7.949307279,7.866600777,7.642773009,7.737047389,8.37204265,7.972197052
IGFBP1,8.928336867,3.011123091,6.412428188,8.017543075,7.335898175,5.515144206,4.430336423,5.703275635,9.106162566,10.64986551,9.494550357,6.162660031,7.661772119,9.416296128,4.326890009,7.774763929,10.08351087,7.703564863,5.721890183,7.835393967,9.191451273,6.298181884,5.173780438,9.523354842,7.137241051,4.886050631,4.768598295,8.386646183,8.569185195,8.868975685,6.605065312,5.434809911,9.666914825,3.595009754,3.584082555,7.095287683,10.12640036,7.453885723,10.74931966,4.369667112,12.59635189,5.373860301,11.83366627,10.65963012,4.149137282,11.24705739,4.458192152,3.011123091,9.818032828,3.011123091,9.477999143,5.618843976,8.590848859,5.260851374,7.507887828,4.345868606,6.320909679,3.561575184,12.53111091,10.72507898,6.911808164,3.665337803,4.825920239,4.216213056,13.61751094,11.7156937
XBP1,9.598190812,9.578009088,9.754112053,9.842828658,9.459769043,10.43652242,9.798912064,10.41719562,10.06610849,9.19822515,10.01978784,9.863511642,10.23258728,10.07719035,11.67330096,11.09369444,10.00415282,10.68401945,10.38935523,11.24398944,10.98066217,9.831224848,9.970555865,10.17612568,10.63518486,9.890988597,12.91409248,10.01292466,9.828673839,10.53010921,10.50161862,10.35144701,10.56037877,10.60938247,10.89934306,10.1124754,10.23191685,11.11068699,10.61513195,11.44972473,11.72693806,11.692419,10.56889851,11.75697805,12.73850551,12.67179661,12.70723267,13.10492086,12.20307673,11.7144796,11.74263874,13.23052762,9.7521758,10.35591028,10.99154761,11.58125197,12.42873136,12.49179049,11.35159894,10.57948162,13.37736118,11.50468947,10.31998509,10.55491367,10.83726759,12.03242912
CNOT2,9.497515228,9.570633085,9.229639151,9.718582307,9.512475693,9.84255765,9.3156035,9.123201737,9.667090499,10.36582472,9.555662176,9.388556921,9.448983387,9.649785838,9.373455942,9.399481281,8.992276182,9.297500393,9.490886375,9.387383298,8.992947523,9.747340073,9.564044491,9.527731509,9.682952692,9.45214446,9.553818302,9.62197708,9.82607087,9.238171738,9.494401611,9.665795853,9.321393733,9.656754206,9.897819888,9.682970207,9.550082612,9.228826548,9.363663111,9.412510888,10.2254645,9.950251607,9.554939047,9.308783428,9.514123614,9.479559342,10.23832492,10.06719395,9.371647987,9.661214489,9.531812105,9.55207793,9.676105386,9.572714401,9.754040075,9.476334156,9.436525932,9.641849085,9.621469914,9.414727308,9.333104122,9.512193435,9.345441801,9.587840997,10.50116187,9.373420565
